track_id,method,pair_id,seed,status,output_path,backbone,checkpoint,commit_hash,resolution,prompt,negative_prompt,steps,cfg,scheduler,style_strength,content_control,preprocessing_time_sec,runtime_sec,total_time_sec,peak_vram_mb,inversion_required,test_time_optimization_required,method_specific_training_required,dedicated_training_corpus_required,auxiliary_learned_models,reference_count,per_pair_tuning,notes
B_controlled_sd15,ipadapter_vanilla,extv1_architecture_basilica_monet,42,success,external_benchmark/outputs/ipadapter_vanilla/track_B/extv1_architecture_basilica_monet/seed_42/output.png,SD1.5,models/ip_adapter/models/ip-adapter_sd15.safetensors+models/sd15+models/controlnet_canny,6b40588e263c958653353ec24eb7eb990cfa3da7,512,an architectural basilica scene with preserved facade layout and spatial composition,"low quality, blurry, distorted, text, watermark, copied objects",20,6.5,DDIMScheduler,0.45,Canny ControlNet,0,2.3301,2.3301,4652.58,False,False,False,False,SD1.5; Canny ControlNet; IP-Adapter image encoder,1,False,Frozen B1 same-backbone baseline; seed policy 42/123/777.
B_controlled_sd15,ipadapter_vanilla,extv1_architecture_basilica_monet,123,success,external_benchmark/outputs/ipadapter_vanilla/track_B/extv1_architecture_basilica_monet/seed_123/output.png,SD1.5,models/ip_adapter/models/ip-adapter_sd15.safetensors+models/sd15+models/controlnet_canny,6b40588e263c958653353ec24eb7eb990cfa3da7,512,an architectural basilica scene with preserved facade layout and spatial composition,"low quality, blurry, distorted, text, watermark, copied objects",20,6.5,DDIMScheduler,0.45,Canny ControlNet,0,1.6764,1.6764,4652.58,False,False,False,False,SD1.5; Canny ControlNet; IP-Adapter image encoder,1,False,Frozen B1 same-backbone baseline; seed policy 42/123/777.
B_controlled_sd15,ipadapter_vanilla,extv1_architecture_basilica_monet,777,success,external_benchmark/outputs/ipadapter_vanilla/track_B/extv1_architecture_basilica_monet/seed_777/output.png,SD1.5,models/ip_adapter/models/ip-adapter_sd15.safetensors+models/sd15+models/controlnet_canny,6b40588e263c958653353ec24eb7eb990cfa3da7,512,an architectural basilica scene with preserved facade layout and spatial composition,"low quality, blurry, distorted, text, watermark, copied objects",20,6.5,DDIMScheduler,0.45,Canny ControlNet,0,1.6696,1.6696,4652.58,False,False,False,False,SD1.5; Canny ControlNet; IP-Adapter image encoder,1,False,Frozen B1 same-backbone baseline; seed policy 42/123/777.
B_controlled_sd15,ipadapter_vanilla,extv1_architecture_basilica_vangogh,42,success,external_benchmark/outputs/ipadapter_vanilla/track_B/extv1_architecture_basilica_vangogh/seed_42/output.png,SD1.5,models/ip_adapter/models/ip-adapter_sd15.safetensors+models/sd15+models/controlnet_canny,6b40588e263c958653353ec24eb7eb990cfa3da7,512,an architectural basilica scene with preserved facade layout and spatial composition,"low quality, blurry, distorted, text, watermark, copied objects",20,6.5,DDIMScheduler,0.45,Canny ControlNet,0,1.6652,1.6652,4652.58,False,False,False,False,SD1.5; Canny ControlNet; IP-Adapter image encoder,1,False,Frozen B1 same-backbone baseline; seed policy 42/123/777.
B_controlled_sd15,ipadapter_vanilla,extv1_architecture_basilica_vangogh,123,success,external_benchmark/outputs/ipadapter_vanilla/track_B/extv1_architecture_basilica_vangogh/seed_123/output.png,SD1.5,models/ip_adapter/models/ip-adapter_sd15.safetensors+models/sd15+models/controlnet_canny,6b40588e263c958653353ec24eb7eb990cfa3da7,512,an architectural basilica scene with preserved facade layout and spatial composition,"low quality, blurry, distorted, text, watermark, copied objects",20,6.5,DDIMScheduler,0.45,Canny ControlNet,0,1.6896,1.6896,4652.58,False,False,False,False,SD1.5; Canny ControlNet; IP-Adapter image encoder,1,False,Frozen B1 same-backbone baseline; seed policy 42/123/777.
B_controlled_sd15,ipadapter_vanilla,extv1_architecture_basilica_vangogh,777,success,external_benchmark/outputs/ipadapter_vanilla/track_B/extv1_architecture_basilica_vangogh/seed_777/output.png,SD1.5,models/ip_adapter/models/ip-adapter_sd15.safetensors+models/sd15+models/controlnet_canny,6b40588e263c958653353ec24eb7eb990cfa3da7,512,an architectural basilica scene with preserved facade layout and spatial composition,"low quality, blurry, distorted, text, watermark, copied objects",20,6.5,DDIMScheduler,0.45,Canny ControlNet,0,1.6645,1.6645,4652.58,False,False,False,False,SD1.5; Canny ControlNet; IP-Adapter image encoder,1,False,Frozen B1 same-backbone baseline; seed policy 42/123/777.
B_controlled_sd15,ipadapter_vanilla,extv1_architecture_basilica_hokusai,42,success,external_benchmark/outputs/ipadapter_vanilla/track_B/extv1_architecture_basilica_hokusai/seed_42/output.png,SD1.5,models/ip_adapter/models/ip-adapter_sd15.safetensors+models/sd15+models/controlnet_canny,6b40588e263c958653353ec24eb7eb990cfa3da7,512,an architectural basilica scene with preserved facade layout and spatial composition,"low quality, blurry, distorted, text, watermark, copied objects",20,6.5,DDIMScheduler,0.45,Canny ControlNet,0,1.664,1.664,4652.58,False,False,False,False,SD1.5; Canny ControlNet; IP-Adapter image encoder,1,False,Frozen B1 same-backbone baseline; seed policy 42/123/777.
B_controlled_sd15,ipadapter_vanilla,extv1_architecture_basilica_hokusai,123,success,external_benchmark/outputs/ipadapter_vanilla/track_B/extv1_architecture_basilica_hokusai/seed_123/output.png,SD1.5,models/ip_adapter/models/ip-adapter_sd15.safetensors+models/sd15+models/controlnet_canny,6b40588e263c958653353ec24eb7eb990cfa3da7,512,an architectural basilica scene with preserved facade layout and spatial composition,"low quality, blurry, distorted, text, watermark, copied objects",20,6.5,DDIMScheduler,0.45,Canny ControlNet,0,1.672,1.672,4652.58,False,False,False,False,SD1.5; Canny ControlNet; IP-Adapter image encoder,1,False,Frozen B1 same-backbone baseline; seed policy 42/123/777.
B_controlled_sd15,ipadapter_vanilla,extv1_architecture_basilica_hokusai,777,success,external_benchmark/outputs/ipadapter_vanilla/track_B/extv1_architecture_basilica_hokusai/seed_777/output.png,SD1.5,models/ip_adapter/models/ip-adapter_sd15.safetensors+models/sd15+models/controlnet_canny,6b40588e263c958653353ec24eb7eb990cfa3da7,512,an architectural basilica scene with preserved facade layout and spatial composition,"low quality, blurry, distorted, text, watermark, copied objects",20,6.5,DDIMScheduler,0.45,Canny ControlNet,0,1.6568,1.6568,4652.58,False,False,False,False,SD1.5; Canny ControlNet; IP-Adapter image encoder,1,False,Frozen B1 same-backbone baseline; seed policy 42/123/777.
B_controlled_sd15,ipadapter_vanilla,extv1_architecture_basilica_klimt,123,success,external_benchmark/outputs/ipadapter_vanilla/track_B/extv1_architecture_basilica_klimt/seed_123/output.png,SD1.5,models/ip_adapter/models/ip-adapter_sd15.safetensors+models/sd15+models/controlnet_canny,6b40588e263c958653353ec24eb7eb990cfa3da7,512,an architectural basilica scene with preserved facade layout and spatial composition,"low quality, blurry, distorted, text, watermark, copied objects",20,6.5,DDIMScheduler,0.45,Canny ControlNet,0,1.6641,1.6641,4652.58,False,False,False,False,SD1.5; Canny ControlNet; IP-Adapter image encoder,1,False,Frozen B1 same-backbone baseline; seed policy 42/123/777.
B_controlled_sd15,ipadapter_vanilla,extv1_architecture_basilica_klimt,777,success,external_benchmark/outputs/ipadapter_vanilla/track_B/extv1_architecture_basilica_klimt/seed_777/output.png,SD1.5,models/ip_adapter/models/ip-adapter_sd15.safetensors+models/sd15+models/controlnet_canny,6b40588e263c958653353ec24eb7eb990cfa3da7,512,an architectural basilica scene with preserved facade layout and spatial composition,"low quality, blurry, distorted, text, watermark, copied objects",20,6.5,DDIMScheduler,0.45,Canny ControlNet,0,1.6682,1.6682,4652.58,False,False,False,False,SD1.5; Canny ControlNet; IP-Adapter image encoder,1,False,Frozen B1 same-backbone baseline; seed policy 42/123/777.
B_controlled_sd15,ipadapter_vanilla,extv1_urban_building_monet,42,success,external_benchmark/outputs/ipadapter_vanilla/track_B/extv1_urban_building_monet/seed_42/output.png,SD1.5,models/ip_adapter/models/ip-adapter_sd15.safetensors+models/sd15+models/controlnet_canny,6b40588e263c958653353ec24eb7eb990cfa3da7,512,an urban building scene with preserved structure,"low quality, blurry, distorted, text, watermark, copied objects",20,6.5,DDIMScheduler,0.45,Canny ControlNet,0,1.6792,1.6792,4652.58,False,False,False,False,SD1.5; Canny ControlNet; IP-Adapter image encoder,1,False,Frozen B1 same-backbone baseline; seed policy 42/123/777.
B_controlled_sd15,ipadapter_vanilla,extv1_urban_building_monet,123,success,external_benchmark/outputs/ipadapter_vanilla/track_B/extv1_urban_building_monet/seed_123/output.png,SD1.5,models/ip_adapter/models/ip-adapter_sd15.safetensors+models/sd15+models/controlnet_canny,6b40588e263c958653353ec24eb7eb990cfa3da7,512,an urban building scene with preserved structure,"low quality, blurry, distorted, text, watermark, copied objects",20,6.5,DDIMScheduler,0.45,Canny ControlNet,0,1.6916,1.6916,4652.58,False,False,False,False,SD1.5; Canny ControlNet; IP-Adapter image encoder,1,False,Frozen B1 same-backbone baseline; seed policy 42/123/777.
B_controlled_sd15,ipadapter_vanilla,extv1_urban_building_monet,777,success,external_benchmark/outputs/ipadapter_vanilla/track_B/extv1_urban_building_monet/seed_777/output.png,SD1.5,models/ip_adapter/models/ip-adapter_sd15.safetensors+models/sd15+models/controlnet_canny,6b40588e263c958653353ec24eb7eb990cfa3da7,512,an urban building scene with preserved structure,"low quality, blurry, distorted, text, watermark, copied objects",20,6.5,DDIMScheduler,0.45,Canny ControlNet,0,1.683,1.683,4652.58,False,False,False,False,SD1.5; Canny ControlNet; IP-Adapter image encoder,1,False,Frozen B1 same-backbone baseline; seed policy 42/123/777.
B_controlled_sd15,ipadapter_vanilla,extv1_urban_building_vangogh,42,success,external_benchmark/outputs/ipadapter_vanilla/track_B/extv1_urban_building_vangogh/seed_42/output.png,SD1.5,models/ip_adapter/models/ip-adapter_sd15.safetensors+models/sd15+models/controlnet_canny,6b40588e263c958653353ec24eb7eb990cfa3da7,512,an urban building scene with preserved structure,"low quality, blurry, distorted, text, watermark, copied objects",20,6.5,DDIMScheduler,0.45,Canny ControlNet,0,1.6956,1.6956,4652.58,False,False,False,False,SD1.5; Canny ControlNet; IP-Adapter image encoder,1,False,Frozen B1 same-backbone baseline; seed policy 42/123/777.
B_controlled_sd15,ipadapter_vanilla,extv1_urban_building_vangogh,123,success,external_benchmark/outputs/ipadapter_vanilla/track_B/extv1_urban_building_vangogh/seed_123/output.png,SD1.5,models/ip_adapter/models/ip-adapter_sd15.safetensors+models/sd15+models/controlnet_canny,6b40588e263c958653353ec24eb7eb990cfa3da7,512,an urban building scene with preserved structure,"low quality, blurry, distorted, text, watermark, copied objects",20,6.5,DDIMScheduler,0.45,Canny ControlNet,0,1.6907,1.6907,4652.58,False,False,False,False,SD1.5; Canny ControlNet; IP-Adapter image encoder,1,False,Frozen B1 same-backbone baseline; seed policy 42/123/777.
B_controlled_sd15,ipadapter_vanilla,extv1_urban_building_vangogh,777,success,external_benchmark/outputs/ipadapter_vanilla/track_B/extv1_urban_building_vangogh/seed_777/output.png,SD1.5,models/ip_adapter/models/ip-adapter_sd15.safetensors+models/sd15+models/controlnet_canny,6b40588e263c958653353ec24eb7eb990cfa3da7,512,an urban building scene with preserved structure,"low quality, blurry, distorted, text, watermark, copied objects",20,6.5,DDIMScheduler,0.45,Canny ControlNet,0,1.6805,1.6805,4652.58,False,False,False,False,SD1.5; Canny ControlNet; IP-Adapter image encoder,1,False,Frozen B1 same-backbone baseline; seed policy 42/123/777.
B_controlled_sd15,ipadapter_vanilla,extv1_urban_building_hokusai,42,success,external_benchmark/outputs/ipadapter_vanilla/track_B/extv1_urban_building_hokusai/seed_42/output.png,SD1.5,models/ip_adapter/models/ip-adapter_sd15.safetensors+models/sd15+models/controlnet_canny,6b40588e263c958653353ec24eb7eb990cfa3da7,512,an urban building scene with preserved structure,"low quality, blurry, distorted, text, watermark, copied objects",20,6.5,DDIMScheduler,0.45,Canny ControlNet,0,1.6842,1.6842,4652.58,False,False,False,False,SD1.5; Canny ControlNet; IP-Adapter image encoder,1,False,Frozen B1 same-backbone baseline; seed policy 42/123/777.
B_controlled_sd15,ipadapter_vanilla,extv1_urban_building_hokusai,123,success,external_benchmark/outputs/ipadapter_vanilla/track_B/extv1_urban_building_hokusai/seed_123/output.png,SD1.5,models/ip_adapter/models/ip-adapter_sd15.safetensors+models/sd15+models/controlnet_canny,6b40588e263c958653353ec24eb7eb990cfa3da7,512,an urban building scene with preserved structure,"low quality, blurry, distorted, text, watermark, copied objects",20,6.5,DDIMScheduler,0.45,Canny ControlNet,0,1.703,1.703,4652.58,False,False,False,False,SD1.5; Canny ControlNet; IP-Adapter image encoder,1,False,Frozen B1 same-backbone baseline; seed policy 42/123/777.
B_controlled_sd15,ipadapter_vanilla,extv1_urban_building_hokusai,777,success,external_benchmark/outputs/ipadapter_vanilla/track_B/extv1_urban_building_hokusai/seed_777/output.png,SD1.5,models/ip_adapter/models/ip-adapter_sd15.safetensors+models/sd15+models/controlnet_canny,6b40588e263c958653353ec24eb7eb990cfa3da7,512,an urban building scene with preserved structure,"low quality, blurry, distorted, text, watermark, copied objects",20,6.5,DDIMScheduler,0.45,Canny ControlNet,0,1.695,1.695,4652.58,False,False,False,False,SD1.5; Canny ControlNet; IP-Adapter image encoder,1,False,Frozen B1 same-backbone baseline; seed policy 42/123/777.
B_controlled_sd15,ipadapter_vanilla,extv1_urban_building_klimt,42,success,external_benchmark/outputs/ipadapter_vanilla/track_B/extv1_urban_building_klimt/seed_42/output.png,SD1.5,models/ip_adapter/models/ip-adapter_sd15.safetensors+models/sd15+models/controlnet_canny,6b40588e263c958653353ec24eb7eb990cfa3da7,512,an urban building scene with preserved structure,"low quality, blurry, distorted, text, watermark, copied objects",20,6.5,DDIMScheduler,0.45,Canny ControlNet,0,1.7094,1.7094,4652.58,False,False,False,False,SD1.5; Canny ControlNet; IP-Adapter image encoder,1,False,Frozen B1 same-backbone baseline; seed policy 42/123/777.
B_controlled_sd15,ipadapter_vanilla,extv1_urban_building_klimt,123,success,external_benchmark/outputs/ipadapter_vanilla/track_B/extv1_urban_building_klimt/seed_123/output.png,SD1.5,models/ip_adapter/models/ip-adapter_sd15.safetensors+models/sd15+models/controlnet_canny,6b40588e263c958653353ec24eb7eb990cfa3da7,512,an urban building scene with preserved structure,"low quality, blurry, distorted, text, watermark, copied objects",20,6.5,DDIMScheduler,0.45,Canny ControlNet,0,1.6954,1.6954,4652.58,False,False,False,False,SD1.5; Canny ControlNet; IP-Adapter image encoder,1,False,Frozen B1 same-backbone baseline; seed policy 42/123/777.
B_controlled_sd15,ipadapter_vanilla,extv1_urban_building_klimt,777,success,external_benchmark/outputs/ipadapter_vanilla/track_B/extv1_urban_building_klimt/seed_777/output.png,SD1.5,models/ip_adapter/models/ip-adapter_sd15.safetensors+models/sd15+models/controlnet_canny,6b40588e263c958653353ec24eb7eb990cfa3da7,512,an urban building scene with preserved structure,"low quality, blurry, distorted, text, watermark, copied objects",20,6.5,DDIMScheduler,0.45,Canny ControlNet,0,1.6869,1.6869,4652.58,False,False,False,False,SD1.5; Canny ControlNet; IP-Adapter image encoder,1,False,Frozen B1 same-backbone baseline; seed policy 42/123/777.
B_controlled_sd15,ipadapter_vanilla,extv1_flower_bed_monet,42,success,external_benchmark/outputs/ipadapter_vanilla/track_B/extv1_flower_bed_monet/seed_42/output.png,SD1.5,models/ip_adapter/models/ip-adapter_sd15.safetensors+models/sd15+models/controlnet_canny,6b40588e263c958653353ec24eb7eb990cfa3da7,512,a flower bed scene with preserved plant arrangement and foreground-background layout,"low quality, blurry, distorted, text, watermark, copied objects",20,6.5,DDIMScheduler,0.45,Canny ControlNet,0,1.6666,1.6666,4652.58,False,False,False,False,SD1.5; Canny ControlNet; IP-Adapter image encoder,1,False,Frozen B1 same-backbone baseline; seed policy 42/123/777.
B_controlled_sd15,ipadapter_vanilla,extv1_flower_bed_monet,123,success,external_benchmark/outputs/ipadapter_vanilla/track_B/extv1_flower_bed_monet/seed_123/output.png,SD1.5,models/ip_adapter/models/ip-adapter_sd15.safetensors+models/sd15+models/controlnet_canny,6b40588e263c958653353ec24eb7eb990cfa3da7,512,a flower bed scene with preserved plant arrangement and foreground-background layout,"low quality, blurry, distorted, text, watermark, copied objects",20,6.5,DDIMScheduler,0.45,Canny ControlNet,0,1.6601,1.6601,4652.58,False,False,False,False,SD1.5; Canny ControlNet; IP-Adapter image encoder,1,False,Frozen B1 same-backbone baseline; seed policy 42/123/777.
B_controlled_sd15,ipadapter_vanilla,extv1_flower_bed_vangogh,42,success,external_benchmark/outputs/ipadapter_vanilla/track_B/extv1_flower_bed_vangogh/seed_42/output.png,SD1.5,models/ip_adapter/models/ip-adapter_sd15.safetensors+models/sd15+models/controlnet_canny,6b40588e263c958653353ec24eb7eb990cfa3da7,512,a flower bed scene with preserved plant arrangement and foreground-background layout,"low quality, blurry, distorted, text, watermark, copied objects",20,6.5,DDIMScheduler,0.45,Canny ControlNet,0,1.675,1.675,4652.58,False,False,False,False,SD1.5; Canny ControlNet; IP-Adapter image encoder,1,False,Frozen B1 same-backbone baseline; seed policy 42/123/777.
B_controlled_sd15,ipadapter_vanilla,extv1_flower_bed_vangogh,123,success,external_benchmark/outputs/ipadapter_vanilla/track_B/extv1_flower_bed_vangogh/seed_123/output.png,SD1.5,models/ip_adapter/models/ip-adapter_sd15.safetensors+models/sd15+models/controlnet_canny,6b40588e263c958653353ec24eb7eb990cfa3da7,512,a flower bed scene with preserved plant arrangement and foreground-background layout,"low quality, blurry, distorted, text, watermark, copied objects",20,6.5,DDIMScheduler,0.45,Canny ControlNet,0,1.6632,1.6632,4652.58,False,False,False,False,SD1.5; Canny ControlNet; IP-Adapter image encoder,1,False,Frozen B1 same-backbone baseline; seed policy 42/123/777.
B_controlled_sd15,ipadapter_vanilla,extv1_flower_bed_vangogh,777,success,external_benchmark/outputs/ipadapter_vanilla/track_B/extv1_flower_bed_vangogh/seed_777/output.png,SD1.5,models/ip_adapter/models/ip-adapter_sd15.safetensors+models/sd15+models/controlnet_canny,6b40588e263c958653353ec24eb7eb990cfa3da7,512,a flower bed scene with preserved plant arrangement and foreground-background layout,"low quality, blurry, distorted, text, watermark, copied objects",20,6.5,DDIMScheduler,0.45,Canny ControlNet,0,1.6607,1.6607,4652.58,False,False,False,False,SD1.5; Canny ControlNet; IP-Adapter image encoder,1,False,Frozen B1 same-backbone baseline; seed policy 42/123/777.
B_controlled_sd15,ipadapter_vanilla,extv1_flower_bed_hokusai,42,success,external_benchmark/outputs/ipadapter_vanilla/track_B/extv1_flower_bed_hokusai/seed_42/output.png,SD1.5,models/ip_adapter/models/ip-adapter_sd15.safetensors+models/sd15+models/controlnet_canny,6b40588e263c958653353ec24eb7eb990cfa3da7,512,a flower bed scene with preserved plant arrangement and foreground-background layout,"low quality, blurry, distorted, text, watermark, copied objects",20,6.5,DDIMScheduler,0.45,Canny ControlNet,0,1.6628,1.6628,4652.58,False,False,False,False,SD1.5; Canny ControlNet; IP-Adapter image encoder,1,False,Frozen B1 same-backbone baseline; seed policy 42/123/777.
B_controlled_sd15,ipadapter_vanilla,extv1_architecture_basilica_klimt,42,success,external_benchmark/outputs/ipadapter_vanilla/track_B/extv1_architecture_basilica_klimt/seed_42/output.png,SD1.5,models/ip_adapter/models/ip-adapter_sd15.safetensors+models/sd15+models/controlnet_canny,6b40588e263c958653353ec24eb7eb990cfa3da7,512,an architectural basilica scene with preserved facade layout and spatial composition,"low quality, blurry, distorted, text, watermark, copied objects",20,6.5,DDIMScheduler,0.45,Canny ControlNet,0,2.5017,2.5017,4652.58,False,False,False,False,SD1.5; Canny ControlNet; IP-Adapter image encoder,1,False,Frozen B1 same-backbone baseline; seed policy 42/123/777.
B_controlled_sd15,ipadapter_vanilla,extv1_flower_bed_monet,777,success,external_benchmark/outputs/ipadapter_vanilla/track_B/extv1_flower_bed_monet/seed_777/output.png,SD1.5,models/ip_adapter/models/ip-adapter_sd15.safetensors+models/sd15+models/controlnet_canny,6b40588e263c958653353ec24eb7eb990cfa3da7,512,a flower bed scene with preserved plant arrangement and foreground-background layout,"low quality, blurry, distorted, text, watermark, copied objects",20,6.5,DDIMScheduler,0.45,Canny ControlNet,0,1.7855,1.7855,4652.58,False,False,False,False,SD1.5; Canny ControlNet; IP-Adapter image encoder,1,False,Frozen B1 same-backbone baseline; seed policy 42/123/777.
B_controlled_sd15,ipadapter_vanilla,extv1_flower_bed_hokusai,123,success,external_benchmark/outputs/ipadapter_vanilla/track_B/extv1_flower_bed_hokusai/seed_123/output.png,SD1.5,models/ip_adapter/models/ip-adapter_sd15.safetensors+models/sd15+models/controlnet_canny,6b40588e263c958653353ec24eb7eb990cfa3da7,512,a flower bed scene with preserved plant arrangement and foreground-background layout,"low quality, blurry, distorted, text, watermark, copied objects",20,6.5,DDIMScheduler,0.45,Canny ControlNet,0,1.8275,1.8275,4652.58,False,False,False,False,SD1.5; Canny ControlNet; IP-Adapter image encoder,1,False,Frozen B1 same-backbone baseline; seed policy 42/123/777.
B_controlled_sd15,ipadapter_vanilla,extv1_flower_bed_hokusai,777,success,external_benchmark/outputs/ipadapter_vanilla/track_B/extv1_flower_bed_hokusai/seed_777/output.png,SD1.5,models/ip_adapter/models/ip-adapter_sd15.safetensors+models/sd15+models/controlnet_canny,6b40588e263c958653353ec24eb7eb990cfa3da7,512,a flower bed scene with preserved plant arrangement and foreground-background layout,"low quality, blurry, distorted, text, watermark, copied objects",20,6.5,DDIMScheduler,0.45,Canny ControlNet,0,1.8143,1.8143,4652.58,False,False,False,False,SD1.5; Canny ControlNet; IP-Adapter image encoder,1,False,Frozen B1 same-backbone baseline; seed policy 42/123/777.
B_controlled_sd15,ipadapter_vanilla,extv1_flower_bed_klimt,42,success,external_benchmark/outputs/ipadapter_vanilla/track_B/extv1_flower_bed_klimt/seed_42/output.png,SD1.5,models/ip_adapter/models/ip-adapter_sd15.safetensors+models/sd15+models/controlnet_canny,6b40588e263c958653353ec24eb7eb990cfa3da7,512,a flower bed scene with preserved plant arrangement and foreground-background layout,"low quality, blurry, distorted, text, watermark, copied objects",20,6.5,DDIMScheduler,0.45,Canny ControlNet,0,1.7532,1.7532,4652.58,False,False,False,False,SD1.5; Canny ControlNet; IP-Adapter image encoder,1,False,Frozen B1 same-backbone baseline; seed policy 42/123/777.
B_controlled_sd15,ipadapter_vanilla,extv1_flower_bed_klimt,123,success,external_benchmark/outputs/ipadapter_vanilla/track_B/extv1_flower_bed_klimt/seed_123/output.png,SD1.5,models/ip_adapter/models/ip-adapter_sd15.safetensors+models/sd15+models/controlnet_canny,6b40588e263c958653353ec24eb7eb990cfa3da7,512,a flower bed scene with preserved plant arrangement and foreground-background layout,"low quality, blurry, distorted, text, watermark, copied objects",20,6.5,DDIMScheduler,0.45,Canny ControlNet,0,1.6615,1.6615,4652.58,False,False,False,False,SD1.5; Canny ControlNet; IP-Adapter image encoder,1,False,Frozen B1 same-backbone baseline; seed policy 42/123/777.
B_controlled_sd15,ipadapter_vanilla,extv1_flower_bed_klimt,777,success,external_benchmark/outputs/ipadapter_vanilla/track_B/extv1_flower_bed_klimt/seed_777/output.png,SD1.5,models/ip_adapter/models/ip-adapter_sd15.safetensors+models/sd15+models/controlnet_canny,6b40588e263c958653353ec24eb7eb990cfa3da7,512,a flower bed scene with preserved plant arrangement and foreground-background layout,"low quality, blurry, distorted, text, watermark, copied objects",20,6.5,DDIMScheduler,0.45,Canny ControlNet,0,1.6648,1.6648,4652.58,False,False,False,False,SD1.5; Canny ControlNet; IP-Adapter image encoder,1,False,Frozen B1 same-backbone baseline; seed policy 42/123/777.
B_controlled_sd15,ipadapter_vanilla,extv1_garden_flowers_monet,42,success,external_benchmark/outputs/ipadapter_vanilla/track_B/extv1_garden_flowers_monet/seed_42/output.png,SD1.5,models/ip_adapter/models/ip-adapter_sd15.safetensors+models/sd15+models/controlnet_canny,6b40588e263c958653353ec24eb7eb990cfa3da7,512,a garden scene with preserved path,"low quality, blurry, distorted, text, watermark, copied objects",20,6.5,DDIMScheduler,0.45,Canny ControlNet,0,1.6785,1.6785,4652.58,False,False,False,False,SD1.5; Canny ControlNet; IP-Adapter image encoder,1,False,Frozen B1 same-backbone baseline; seed policy 42/123/777.
B_controlled_sd15,ipadapter_vanilla,extv1_garden_flowers_monet,123,success,external_benchmark/outputs/ipadapter_vanilla/track_B/extv1_garden_flowers_monet/seed_123/output.png,SD1.5,models/ip_adapter/models/ip-adapter_sd15.safetensors+models/sd15+models/controlnet_canny,6b40588e263c958653353ec24eb7eb990cfa3da7,512,a garden scene with preserved path,"low quality, blurry, distorted, text, watermark, copied objects",20,6.5,DDIMScheduler,0.45,Canny ControlNet,0,1.6771,1.6771,4652.58,False,False,False,False,SD1.5; Canny ControlNet; IP-Adapter image encoder,1,False,Frozen B1 same-backbone baseline; seed policy 42/123/777.
B_controlled_sd15,ipadapter_vanilla,extv1_garden_flowers_monet,777,success,external_benchmark/outputs/ipadapter_vanilla/track_B/extv1_garden_flowers_monet/seed_777/output.png,SD1.5,models/ip_adapter/models/ip-adapter_sd15.safetensors+models/sd15+models/controlnet_canny,6b40588e263c958653353ec24eb7eb990cfa3da7,512,a garden scene with preserved path,"low quality, blurry, distorted, text, watermark, copied objects",20,6.5,DDIMScheduler,0.45,Canny ControlNet,0,1.7404,1.7404,4652.58,False,False,False,False,SD1.5; Canny ControlNet; IP-Adapter image encoder,1,False,Frozen B1 same-backbone baseline; seed policy 42/123/777.
B_controlled_sd15,ipadapter_vanilla,extv1_garden_flowers_vangogh,42,success,external_benchmark/outputs/ipadapter_vanilla/track_B/extv1_garden_flowers_vangogh/seed_42/output.png,SD1.5,models/ip_adapter/models/ip-adapter_sd15.safetensors+models/sd15+models/controlnet_canny,6b40588e263c958653353ec24eb7eb990cfa3da7,512,a garden scene with preserved path,"low quality, blurry, distorted, text, watermark, copied objects",20,6.5,DDIMScheduler,0.45,Canny ControlNet,0,1.7004,1.7004,4652.58,False,False,False,False,SD1.5; Canny ControlNet; IP-Adapter image encoder,1,False,Frozen B1 same-backbone baseline; seed policy 42/123/777.
B_controlled_sd15,ipadapter_vanilla,extv1_garden_flowers_vangogh,123,success,external_benchmark/outputs/ipadapter_vanilla/track_B/extv1_garden_flowers_vangogh/seed_123/output.png,SD1.5,models/ip_adapter/models/ip-adapter_sd15.safetensors+models/sd15+models/controlnet_canny,6b40588e263c958653353ec24eb7eb990cfa3da7,512,a garden scene with preserved path,"low quality, blurry, distorted, text, watermark, copied objects",20,6.5,DDIMScheduler,0.45,Canny ControlNet,0,1.691,1.691,4652.58,False,False,False,False,SD1.5; Canny ControlNet; IP-Adapter image encoder,1,False,Frozen B1 same-backbone baseline; seed policy 42/123/777.
B_controlled_sd15,ipadapter_vanilla,extv1_garden_flowers_vangogh,777,success,external_benchmark/outputs/ipadapter_vanilla/track_B/extv1_garden_flowers_vangogh/seed_777/output.png,SD1.5,models/ip_adapter/models/ip-adapter_sd15.safetensors+models/sd15+models/controlnet_canny,6b40588e263c958653353ec24eb7eb990cfa3da7,512,a garden scene with preserved path,"low quality, blurry, distorted, text, watermark, copied objects",20,6.5,DDIMScheduler,0.45,Canny ControlNet,0,1.6789,1.6789,4652.58,False,False,False,False,SD1.5; Canny ControlNet; IP-Adapter image encoder,1,False,Frozen B1 same-backbone baseline; seed policy 42/123/777.
B_controlled_sd15,ipadapter_vanilla,extv1_garden_flowers_hokusai,42,success,external_benchmark/outputs/ipadapter_vanilla/track_B/extv1_garden_flowers_hokusai/seed_42/output.png,SD1.5,models/ip_adapter/models/ip-adapter_sd15.safetensors+models/sd15+models/controlnet_canny,6b40588e263c958653353ec24eb7eb990cfa3da7,512,a garden scene with preserved path,"low quality, blurry, distorted, text, watermark, copied objects",20,6.5,DDIMScheduler,0.45,Canny ControlNet,0,1.6719,1.6719,4652.58,False,False,False,False,SD1.5; Canny ControlNet; IP-Adapter image encoder,1,False,Frozen B1 same-backbone baseline; seed policy 42/123/777.
B_controlled_sd15,ipadapter_vanilla,extv1_garden_flowers_hokusai,123,success,external_benchmark/outputs/ipadapter_vanilla/track_B/extv1_garden_flowers_hokusai/seed_123/output.png,SD1.5,models/ip_adapter/models/ip-adapter_sd15.safetensors+models/sd15+models/controlnet_canny,6b40588e263c958653353ec24eb7eb990cfa3da7,512,a garden scene with preserved path,"low quality, blurry, distorted, text, watermark, copied objects",20,6.5,DDIMScheduler,0.45,Canny ControlNet,0,1.6785,1.6785,4652.58,False,False,False,False,SD1.5; Canny ControlNet; IP-Adapter image encoder,1,False,Frozen B1 same-backbone baseline; seed policy 42/123/777.
B_controlled_sd15,ipadapter_vanilla,extv1_garden_flowers_hokusai,777,success,external_benchmark/outputs/ipadapter_vanilla/track_B/extv1_garden_flowers_hokusai/seed_777/output.png,SD1.5,models/ip_adapter/models/ip-adapter_sd15.safetensors+models/sd15+models/controlnet_canny,6b40588e263c958653353ec24eb7eb990cfa3da7,512,a garden scene with preserved path,"low quality, blurry, distorted, text, watermark, copied objects",20,6.5,DDIMScheduler,0.45,Canny ControlNet,0,1.6821,1.6821,4652.58,False,False,False,False,SD1.5; Canny ControlNet; IP-Adapter image encoder,1,False,Frozen B1 same-backbone baseline; seed policy 42/123/777.
B_controlled_sd15,ipadapter_vanilla,extv1_garden_flowers_klimt,42,success,external_benchmark/outputs/ipadapter_vanilla/track_B/extv1_garden_flowers_klimt/seed_42/output.png,SD1.5,models/ip_adapter/models/ip-adapter_sd15.safetensors+models/sd15+models/controlnet_canny,6b40588e263c958653353ec24eb7eb990cfa3da7,512,a garden scene with preserved path,"low quality, blurry, distorted, text, watermark, copied objects",20,6.5,DDIMScheduler,0.45,Canny ControlNet,0,1.6773,1.6773,4652.58,False,False,False,False,SD1.5; Canny ControlNet; IP-Adapter image encoder,1,False,Frozen B1 same-backbone baseline; seed policy 42/123/777.
B_controlled_sd15,ipadapter_vanilla,extv1_garden_flowers_klimt,123,success,external_benchmark/outputs/ipadapter_vanilla/track_B/extv1_garden_flowers_klimt/seed_123/output.png,SD1.5,models/ip_adapter/models/ip-adapter_sd15.safetensors+models/sd15+models/controlnet_canny,6b40588e263c958653353ec24eb7eb990cfa3da7,512,a garden scene with preserved path,"low quality, blurry, distorted, text, watermark, copied objects",20,6.5,DDIMScheduler,0.45,Canny ControlNet,0,1.6715,1.6715,4652.58,False,False,False,False,SD1.5; Canny ControlNet; IP-Adapter image encoder,1,False,Frozen B1 same-backbone baseline; seed policy 42/123/777.
B_controlled_sd15,ipadapter_vanilla,extv1_garden_flowers_klimt,777,success,external_benchmark/outputs/ipadapter_vanilla/track_B/extv1_garden_flowers_klimt/seed_777/output.png,SD1.5,models/ip_adapter/models/ip-adapter_sd15.safetensors+models/sd15+models/controlnet_canny,6b40588e263c958653353ec24eb7eb990cfa3da7,512,a garden scene with preserved path,"low quality, blurry, distorted, text, watermark, copied objects",20,6.5,DDIMScheduler,0.45,Canny ControlNet,0,1.6763,1.6763,4652.58,False,False,False,False,SD1.5; Canny ControlNet; IP-Adapter image encoder,1,False,Frozen B1 same-backbone baseline; seed policy 42/123/777.
B_controlled_sd15,ipadapter_vanilla,extv1_mountain_lake_monet,42,success,external_benchmark/outputs/ipadapter_vanilla/track_B/extv1_mountain_lake_monet/seed_42/output.png,SD1.5,models/ip_adapter/models/ip-adapter_sd15.safetensors+models/sd15+models/controlnet_canny,6b40588e263c958653353ec24eb7eb990cfa3da7,512,a mountain lake landscape with preserved horizon,"low quality, blurry, distorted, text, watermark, copied objects",20,6.5,DDIMScheduler,0.45,Canny ControlNet,0,1.6847,1.6847,4652.58,False,False,False,False,SD1.5; Canny ControlNet; IP-Adapter image encoder,1,False,Frozen B1 same-backbone baseline; seed policy 42/123/777.
B_controlled_sd15,ipadapter_vanilla,extv1_mountain_lake_monet,123,success,external_benchmark/outputs/ipadapter_vanilla/track_B/extv1_mountain_lake_monet/seed_123/output.png,SD1.5,models/ip_adapter/models/ip-adapter_sd15.safetensors+models/sd15+models/controlnet_canny,6b40588e263c958653353ec24eb7eb990cfa3da7,512,a mountain lake landscape with preserved horizon,"low quality, blurry, distorted, text, watermark, copied objects",20,6.5,DDIMScheduler,0.45,Canny ControlNet,0,1.6685,1.6685,4652.58,False,False,False,False,SD1.5; Canny ControlNet; IP-Adapter image encoder,1,False,Frozen B1 same-backbone baseline; seed policy 42/123/777.
B_controlled_sd15,ipadapter_vanilla,extv1_mountain_lake_monet,777,success,external_benchmark/outputs/ipadapter_vanilla/track_B/extv1_mountain_lake_monet/seed_777/output.png,SD1.5,models/ip_adapter/models/ip-adapter_sd15.safetensors+models/sd15+models/controlnet_canny,6b40588e263c958653353ec24eb7eb990cfa3da7,512,a mountain lake landscape with preserved horizon,"low quality, blurry, distorted, text, watermark, copied objects",20,6.5,DDIMScheduler,0.45,Canny ControlNet,0,1.6712,1.6712,4652.58,False,False,False,False,SD1.5; Canny ControlNet; IP-Adapter image encoder,1,False,Frozen B1 same-backbone baseline; seed policy 42/123/777.
B_controlled_sd15,ipadapter_vanilla,extv1_mountain_lake_vangogh,42,success,external_benchmark/outputs/ipadapter_vanilla/track_B/extv1_mountain_lake_vangogh/seed_42/output.png,SD1.5,models/ip_adapter/models/ip-adapter_sd15.safetensors+models/sd15+models/controlnet_canny,6b40588e263c958653353ec24eb7eb990cfa3da7,512,a mountain lake landscape with preserved horizon,"low quality, blurry, distorted, text, watermark, copied objects",20,6.5,DDIMScheduler,0.45,Canny ControlNet,0,1.6624,1.6624,4652.58,False,False,False,False,SD1.5; Canny ControlNet; IP-Adapter image encoder,1,False,Frozen B1 same-backbone baseline; seed policy 42/123/777.
B_controlled_sd15,ipadapter_vanilla,extv1_mountain_lake_vangogh,123,success,external_benchmark/outputs/ipadapter_vanilla/track_B/extv1_mountain_lake_vangogh/seed_123/output.png,SD1.5,models/ip_adapter/models/ip-adapter_sd15.safetensors+models/sd15+models/controlnet_canny,6b40588e263c958653353ec24eb7eb990cfa3da7,512,a mountain lake landscape with preserved horizon,"low quality, blurry, distorted, text, watermark, copied objects",20,6.5,DDIMScheduler,0.45,Canny ControlNet,0,1.6537,1.6537,4652.58,False,False,False,False,SD1.5; Canny ControlNet; IP-Adapter image encoder,1,False,Frozen B1 same-backbone baseline; seed policy 42/123/777.
B_controlled_sd15,ipadapter_vanilla,extv1_mountain_lake_vangogh,777,success,external_benchmark/outputs/ipadapter_vanilla/track_B/extv1_mountain_lake_vangogh/seed_777/output.png,SD1.5,models/ip_adapter/models/ip-adapter_sd15.safetensors+models/sd15+models/controlnet_canny,6b40588e263c958653353ec24eb7eb990cfa3da7,512,a mountain lake landscape with preserved horizon,"low quality, blurry, distorted, text, watermark, copied objects",20,6.5,DDIMScheduler,0.45,Canny ControlNet,0,1.6704,1.6704,4652.58,False,False,False,False,SD1.5; Canny ControlNet; IP-Adapter image encoder,1,False,Frozen B1 same-backbone baseline; seed policy 42/123/777.
B_controlled_sd15,ipadapter_vanilla,extv1_mountain_lake_hokusai,42,success,external_benchmark/outputs/ipadapter_vanilla/track_B/extv1_mountain_lake_hokusai/seed_42/output.png,SD1.5,models/ip_adapter/models/ip-adapter_sd15.safetensors+models/sd15+models/controlnet_canny,6b40588e263c958653353ec24eb7eb990cfa3da7,512,a mountain lake landscape with preserved horizon,"low quality, blurry, distorted, text, watermark, copied objects",20,6.5,DDIMScheduler,0.45,Canny ControlNet,0,1.6691,1.6691,4652.58,False,False,False,False,SD1.5; Canny ControlNet; IP-Adapter image encoder,1,False,Frozen B1 same-backbone baseline; seed policy 42/123/777.
B_controlled_sd15,ipadapter_vanilla,extv1_mountain_lake_hokusai,123,success,external_benchmark/outputs/ipadapter_vanilla/track_B/extv1_mountain_lake_hokusai/seed_123/output.png,SD1.5,models/ip_adapter/models/ip-adapter_sd15.safetensors+models/sd15+models/controlnet_canny,6b40588e263c958653353ec24eb7eb990cfa3da7,512,a mountain lake landscape with preserved horizon,"low quality, blurry, distorted, text, watermark, copied objects",20,6.5,DDIMScheduler,0.45,Canny ControlNet,0,1.6623,1.6623,4652.58,False,False,False,False,SD1.5; Canny ControlNet; IP-Adapter image encoder,1,False,Frozen B1 same-backbone baseline; seed policy 42/123/777.
B_controlled_sd15,ipadapter_vanilla,extv1_mountain_lake_hokusai,777,success,external_benchmark/outputs/ipadapter_vanilla/track_B/extv1_mountain_lake_hokusai/seed_777/output.png,SD1.5,models/ip_adapter/models/ip-adapter_sd15.safetensors+models/sd15+models/controlnet_canny,6b40588e263c958653353ec24eb7eb990cfa3da7,512,a mountain lake landscape with preserved horizon,"low quality, blurry, distorted, text, watermark, copied objects",20,6.5,DDIMScheduler,0.45,Canny ControlNet,0,1.6751,1.6751,4652.58,False,False,False,False,SD1.5; Canny ControlNet; IP-Adapter image encoder,1,False,Frozen B1 same-backbone baseline; seed policy 42/123/777.
B_controlled_sd15,ipadapter_vanilla,extv1_mountain_lake_klimt,42,success,external_benchmark/outputs/ipadapter_vanilla/track_B/extv1_mountain_lake_klimt/seed_42/output.png,SD1.5,models/ip_adapter/models/ip-adapter_sd15.safetensors+models/sd15+models/controlnet_canny,6b40588e263c958653353ec24eb7eb990cfa3da7,512,a mountain lake landscape with preserved horizon,"low quality, blurry, distorted, text, watermark, copied objects",20,6.5,DDIMScheduler,0.45,Canny ControlNet,0,1.6616,1.6616,4652.58,False,False,False,False,SD1.5; Canny ControlNet; IP-Adapter image encoder,1,False,Frozen B1 same-backbone baseline; seed policy 42/123/777.
B_controlled_sd15,ipadapter_vanilla,extv1_mountain_lake_klimt,123,success,external_benchmark/outputs/ipadapter_vanilla/track_B/extv1_mountain_lake_klimt/seed_123/output.png,SD1.5,models/ip_adapter/models/ip-adapter_sd15.safetensors+models/sd15+models/controlnet_canny,6b40588e263c958653353ec24eb7eb990cfa3da7,512,a mountain lake landscape with preserved horizon,"low quality, blurry, distorted, text, watermark, copied objects",20,6.5,DDIMScheduler,0.45,Canny ControlNet,0,1.667,1.667,4652.58,False,False,False,False,SD1.5; Canny ControlNet; IP-Adapter image encoder,1,False,Frozen B1 same-backbone baseline; seed policy 42/123/777.
B_controlled_sd15,ipadapter_vanilla,extv1_mountain_lake_klimt,777,success,external_benchmark/outputs/ipadapter_vanilla/track_B/extv1_mountain_lake_klimt/seed_777/output.png,SD1.5,models/ip_adapter/models/ip-adapter_sd15.safetensors+models/sd15+models/controlnet_canny,6b40588e263c958653353ec24eb7eb990cfa3da7,512,a mountain lake landscape with preserved horizon,"low quality, blurry, distorted, text, watermark, copied objects",20,6.5,DDIMScheduler,0.45,Canny ControlNet,0,1.6648,1.6648,4652.58,False,False,False,False,SD1.5; Canny ControlNet; IP-Adapter image encoder,1,False,Frozen B1 same-backbone baseline; seed policy 42/123/777.
B_controlled_sd15,ipadapter_vanilla,extv1_night_valley_monet,42,success,external_benchmark/outputs/ipadapter_vanilla/track_B/extv1_night_valley_monet/seed_42/output.png,SD1.5,models/ip_adapter/models/ip-adapter_sd15.safetensors+models/sd15+models/controlnet_canny,6b40588e263c958653353ec24eb7eb990cfa3da7,512,a night sky and town in a valley with preserved skyline,"low quality, blurry, distorted, text, watermark, copied objects",20,6.5,DDIMScheduler,0.45,Canny ControlNet,0,1.8596,1.8596,4652.58,False,False,False,False,SD1.5; Canny ControlNet; IP-Adapter image encoder,1,False,Frozen B1 same-backbone baseline; seed policy 42/123/777.
B_controlled_sd15,ipadapter_vanilla,extv1_night_valley_monet,123,success,external_benchmark/outputs/ipadapter_vanilla/track_B/extv1_night_valley_monet/seed_123/output.png,SD1.5,models/ip_adapter/models/ip-adapter_sd15.safetensors+models/sd15+models/controlnet_canny,6b40588e263c958653353ec24eb7eb990cfa3da7,512,a night sky and town in a valley with preserved skyline,"low quality, blurry, distorted, text, watermark, copied objects",20,6.5,DDIMScheduler,0.45,Canny ControlNet,0,1.808,1.808,4652.58,False,False,False,False,SD1.5; Canny ControlNet; IP-Adapter image encoder,1,False,Frozen B1 same-backbone baseline; seed policy 42/123/777.
B_controlled_sd15,ipadapter_vanilla,extv1_night_valley_monet,777,success,external_benchmark/outputs/ipadapter_vanilla/track_B/extv1_night_valley_monet/seed_777/output.png,SD1.5,models/ip_adapter/models/ip-adapter_sd15.safetensors+models/sd15+models/controlnet_canny,6b40588e263c958653353ec24eb7eb990cfa3da7,512,a night sky and town in a valley with preserved skyline,"low quality, blurry, distorted, text, watermark, copied objects",20,6.5,DDIMScheduler,0.45,Canny ControlNet,0,1.8137,1.8137,4652.58,False,False,False,False,SD1.5; Canny ControlNet; IP-Adapter image encoder,1,False,Frozen B1 same-backbone baseline; seed policy 42/123/777.
B_controlled_sd15,ipadapter_vanilla,extv1_night_valley_vangogh,42,success,external_benchmark/outputs/ipadapter_vanilla/track_B/extv1_night_valley_vangogh/seed_42/output.png,SD1.5,models/ip_adapter/models/ip-adapter_sd15.safetensors+models/sd15+models/controlnet_canny,6b40588e263c958653353ec24eb7eb990cfa3da7,512,a night sky and town in a valley with preserved skyline,"low quality, blurry, distorted, text, watermark, copied objects",20,6.5,DDIMScheduler,0.45,Canny ControlNet,0,1.9207,1.9207,4652.58,False,False,False,False,SD1.5; Canny ControlNet; IP-Adapter image encoder,1,False,Frozen B1 same-backbone baseline; seed policy 42/123/777.
B_controlled_sd15,ipadapter_vanilla,extv1_night_valley_vangogh,123,success,external_benchmark/outputs/ipadapter_vanilla/track_B/extv1_night_valley_vangogh/seed_123/output.png,SD1.5,models/ip_adapter/models/ip-adapter_sd15.safetensors+models/sd15+models/controlnet_canny,6b40588e263c958653353ec24eb7eb990cfa3da7,512,a night sky and town in a valley with preserved skyline,"low quality, blurry, distorted, text, watermark, copied objects",20,6.5,DDIMScheduler,0.45,Canny ControlNet,0,1.8088,1.8088,4652.58,False,False,False,False,SD1.5; Canny ControlNet; IP-Adapter image encoder,1,False,Frozen B1 same-backbone baseline; seed policy 42/123/777.
B_controlled_sd15,ipadapter_vanilla,extv1_night_valley_vangogh,777,success,external_benchmark/outputs/ipadapter_vanilla/track_B/extv1_night_valley_vangogh/seed_777/output.png,SD1.5,models/ip_adapter/models/ip-adapter_sd15.safetensors+models/sd15+models/controlnet_canny,6b40588e263c958653353ec24eb7eb990cfa3da7,512,a night sky and town in a valley with preserved skyline,"low quality, blurry, distorted, text, watermark, copied objects",20,6.5,DDIMScheduler,0.45,Canny ControlNet,0,1.8019,1.8019,4652.58,False,False,False,False,SD1.5; Canny ControlNet; IP-Adapter image encoder,1,False,Frozen B1 same-backbone baseline; seed policy 42/123/777.
B_controlled_sd15,ipadapter_vanilla,extv1_night_valley_hokusai,42,success,external_benchmark/outputs/ipadapter_vanilla/track_B/extv1_night_valley_hokusai/seed_42/output.png,SD1.5,models/ip_adapter/models/ip-adapter_sd15.safetensors+models/sd15+models/controlnet_canny,6b40588e263c958653353ec24eb7eb990cfa3da7,512,a night sky and town in a valley with preserved skyline,"low quality, blurry, distorted, text, watermark, copied objects",20,6.5,DDIMScheduler,0.45,Canny ControlNet,0,1.8236,1.8236,4652.58,False,False,False,False,SD1.5; Canny ControlNet; IP-Adapter image encoder,1,False,Frozen B1 same-backbone baseline; seed policy 42/123/777.
B_controlled_sd15,ipadapter_vanilla,extv1_night_valley_hokusai,123,success,external_benchmark/outputs/ipadapter_vanilla/track_B/extv1_night_valley_hokusai/seed_123/output.png,SD1.5,models/ip_adapter/models/ip-adapter_sd15.safetensors+models/sd15+models/controlnet_canny,6b40588e263c958653353ec24eb7eb990cfa3da7,512,a night sky and town in a valley with preserved skyline,"low quality, blurry, distorted, text, watermark, copied objects",20,6.5,DDIMScheduler,0.45,Canny ControlNet,0,1.8205,1.8205,4652.58,False,False,False,False,SD1.5; Canny ControlNet; IP-Adapter image encoder,1,False,Frozen B1 same-backbone baseline; seed policy 42/123/777.
B_controlled_sd15,ipadapter_vanilla,extv1_night_valley_hokusai,777,success,external_benchmark/outputs/ipadapter_vanilla/track_B/extv1_night_valley_hokusai/seed_777/output.png,SD1.5,models/ip_adapter/models/ip-adapter_sd15.safetensors+models/sd15+models/controlnet_canny,6b40588e263c958653353ec24eb7eb990cfa3da7,512,a night sky and town in a valley with preserved skyline,"low quality, blurry, distorted, text, watermark, copied objects",20,6.5,DDIMScheduler,0.45,Canny ControlNet,0,1.8083,1.8083,4652.58,False,False,False,False,SD1.5; Canny ControlNet; IP-Adapter image encoder,1,False,Frozen B1 same-backbone baseline; seed policy 42/123/777.
B_controlled_sd15,ipadapter_vanilla,extv1_night_valley_klimt,42,success,external_benchmark/outputs/ipadapter_vanilla/track_B/extv1_night_valley_klimt/seed_42/output.png,SD1.5,models/ip_adapter/models/ip-adapter_sd15.safetensors+models/sd15+models/controlnet_canny,6b40588e263c958653353ec24eb7eb990cfa3da7,512,a night sky and town in a valley with preserved skyline,"low quality, blurry, distorted, text, watermark, copied objects",20,6.5,DDIMScheduler,0.45,Canny ControlNet,0,1.819,1.819,4652.58,False,False,False,False,SD1.5; Canny ControlNet; IP-Adapter image encoder,1,False,Frozen B1 same-backbone baseline; seed policy 42/123/777.
B_controlled_sd15,ipadapter_vanilla,extv1_night_valley_klimt,123,success,external_benchmark/outputs/ipadapter_vanilla/track_B/extv1_night_valley_klimt/seed_123/output.png,SD1.5,models/ip_adapter/models/ip-adapter_sd15.safetensors+models/sd15+models/controlnet_canny,6b40588e263c958653353ec24eb7eb990cfa3da7,512,a night sky and town in a valley with preserved skyline,"low quality, blurry, distorted, text, watermark, copied objects",20,6.5,DDIMScheduler,0.45,Canny ControlNet,0,1.8168,1.8168,4652.58,False,False,False,False,SD1.5; Canny ControlNet; IP-Adapter image encoder,1,False,Frozen B1 same-backbone baseline; seed policy 42/123/777.
B_controlled_sd15,ipadapter_vanilla,extv1_night_valley_klimt,777,success,external_benchmark/outputs/ipadapter_vanilla/track_B/extv1_night_valley_klimt/seed_777/output.png,SD1.5,models/ip_adapter/models/ip-adapter_sd15.safetensors+models/sd15+models/controlnet_canny,6b40588e263c958653353ec24eb7eb990cfa3da7,512,a night sky and town in a valley with preserved skyline,"low quality, blurry, distorted, text, watermark, copied objects",20,6.5,DDIMScheduler,0.45,Canny ControlNet,0,1.8069,1.8069,4652.58,False,False,False,False,SD1.5; Canny ControlNet; IP-Adapter image encoder,1,False,Frozen B1 same-backbone baseline; seed policy 42/123/777.
A_native_quality,instantstyle,extv1_architecture_basilica_monet,42,success,external_benchmark/outputs/instantstyle/track_A/extv1_architecture_basilica_monet/seed_42/output.png,SD1.5 official experimental route,models/ip_adapter/models/ip-adapter_sd15.safetensors+models/external/clip_vit_h+models/sd15,6b40588e263c958653353ec24eb7eb990cfa3da7,512,an architectural basilica scene with preserved facade layout and spatial composition,"text, watermark, lowres, low quality, worst quality, deformed, blurry",30,5.0,UniPCMultistepScheduler,1.0,official text prompt; no external control image,0,8.8196,8.8196,4391.31,False,False,False,False,LAION CLIP ViT-H; IP-Adapter,1,False,Frozen Track A native-quality InstantStyle route; seed policy 42/123/777.
A_native_quality,instantstyle,extv1_architecture_basilica_monet,123,success,external_benchmark/outputs/instantstyle/track_A/extv1_architecture_basilica_monet/seed_123/output.png,SD1.5 official experimental route,models/ip_adapter/models/ip-adapter_sd15.safetensors+models/external/clip_vit_h+models/sd15,6b40588e263c958653353ec24eb7eb990cfa3da7,512,an architectural basilica scene with preserved facade layout and spatial composition,"text, watermark, lowres, low quality, worst quality, deformed, blurry",30,5.0,UniPCMultistepScheduler,1.0,official text prompt; no external control image,0,7.4914,7.4914,4391.31,False,False,False,False,LAION CLIP ViT-H; IP-Adapter,1,False,Frozen Track A native-quality InstantStyle route; seed policy 42/123/777.
A_native_quality,instantstyle,extv1_architecture_basilica_monet,777,success,external_benchmark/outputs/instantstyle/track_A/extv1_architecture_basilica_monet/seed_777/output.png,SD1.5 official experimental route,models/ip_adapter/models/ip-adapter_sd15.safetensors+models/external/clip_vit_h+models/sd15,6b40588e263c958653353ec24eb7eb990cfa3da7,512,an architectural basilica scene with preserved facade layout and spatial composition,"text, watermark, lowres, low quality, worst quality, deformed, blurry",30,5.0,UniPCMultistepScheduler,1.0,official text prompt; no external control image,0,7.4851,7.4851,4391.31,False,False,False,False,LAION CLIP ViT-H; IP-Adapter,1,False,Frozen Track A native-quality InstantStyle route; seed policy 42/123/777.
A_native_quality,instantstyle,extv1_architecture_basilica_vangogh,42,success,external_benchmark/outputs/instantstyle/track_A/extv1_architecture_basilica_vangogh/seed_42/output.png,SD1.5 official experimental route,models/ip_adapter/models/ip-adapter_sd15.safetensors+models/external/clip_vit_h+models/sd15,6b40588e263c958653353ec24eb7eb990cfa3da7,512,an architectural basilica scene with preserved facade layout and spatial composition,"text, watermark, lowres, low quality, worst quality, deformed, blurry",30,5.0,UniPCMultistepScheduler,1.0,official text prompt; no external control image,0,7.526,7.526,4391.31,False,False,False,False,LAION CLIP ViT-H; IP-Adapter,1,False,Frozen Track A native-quality InstantStyle route; seed policy 42/123/777.
A_native_quality,instantstyle,extv1_architecture_basilica_vangogh,123,success,external_benchmark/outputs/instantstyle/track_A/extv1_architecture_basilica_vangogh/seed_123/output.png,SD1.5 official experimental route,models/ip_adapter/models/ip-adapter_sd15.safetensors+models/external/clip_vit_h+models/sd15,6b40588e263c958653353ec24eb7eb990cfa3da7,512,an architectural basilica scene with preserved facade layout and spatial composition,"text, watermark, lowres, low quality, worst quality, deformed, blurry",30,5.0,UniPCMultistepScheduler,1.0,official text prompt; no external control image,0,7.4858,7.4858,4391.31,False,False,False,False,LAION CLIP ViT-H; IP-Adapter,1,False,Frozen Track A native-quality InstantStyle route; seed policy 42/123/777.
A_native_quality,instantstyle,extv1_architecture_basilica_vangogh,777,success,external_benchmark/outputs/instantstyle/track_A/extv1_architecture_basilica_vangogh/seed_777/output.png,SD1.5 official experimental route,models/ip_adapter/models/ip-adapter_sd15.safetensors+models/external/clip_vit_h+models/sd15,6b40588e263c958653353ec24eb7eb990cfa3da7,512,an architectural basilica scene with preserved facade layout and spatial composition,"text, watermark, lowres, low quality, worst quality, deformed, blurry",30,5.0,UniPCMultistepScheduler,1.0,official text prompt; no external control image,0,7.4756,7.4756,4391.31,False,False,False,False,LAION CLIP ViT-H; IP-Adapter,1,False,Frozen Track A native-quality InstantStyle route; seed policy 42/123/777.
A_native_quality,instantstyle,extv1_architecture_basilica_hokusai,42,success,external_benchmark/outputs/instantstyle/track_A/extv1_architecture_basilica_hokusai/seed_42/output.png,SD1.5 official experimental route,models/ip_adapter/models/ip-adapter_sd15.safetensors+models/external/clip_vit_h+models/sd15,6b40588e263c958653353ec24eb7eb990cfa3da7,512,an architectural basilica scene with preserved facade layout and spatial composition,"text, watermark, lowres, low quality, worst quality, deformed, blurry",30,5.0,UniPCMultistepScheduler,1.0,official text prompt; no external control image,0,7.4946,7.4946,4391.31,False,False,False,False,LAION CLIP ViT-H; IP-Adapter,1,False,Frozen Track A native-quality InstantStyle route; seed policy 42/123/777.
A_native_quality,instantstyle,extv1_architecture_basilica_hokusai,123,success,external_benchmark/outputs/instantstyle/track_A/extv1_architecture_basilica_hokusai/seed_123/output.png,SD1.5 official experimental route,models/ip_adapter/models/ip-adapter_sd15.safetensors+models/external/clip_vit_h+models/sd15,6b40588e263c958653353ec24eb7eb990cfa3da7,512,an architectural basilica scene with preserved facade layout and spatial composition,"text, watermark, lowres, low quality, worst quality, deformed, blurry",30,5.0,UniPCMultistepScheduler,1.0,official text prompt; no external control image,0,7.517,7.517,4391.31,False,False,False,False,LAION CLIP ViT-H; IP-Adapter,1,False,Frozen Track A native-quality InstantStyle route; seed policy 42/123/777.
A_native_quality,instantstyle,extv1_architecture_basilica_hokusai,777,success,external_benchmark/outputs/instantstyle/track_A/extv1_architecture_basilica_hokusai/seed_777/output.png,SD1.5 official experimental route,models/ip_adapter/models/ip-adapter_sd15.safetensors+models/external/clip_vit_h+models/sd15,6b40588e263c958653353ec24eb7eb990cfa3da7,512,an architectural basilica scene with preserved facade layout and spatial composition,"text, watermark, lowres, low quality, worst quality, deformed, blurry",30,5.0,UniPCMultistepScheduler,1.0,official text prompt; no external control image,0,7.5096,7.5096,4391.31,False,False,False,False,LAION CLIP ViT-H; IP-Adapter,1,False,Frozen Track A native-quality InstantStyle route; seed policy 42/123/777.
A_native_quality,instantstyle,extv1_architecture_basilica_klimt,42,success,external_benchmark/outputs/instantstyle/track_A/extv1_architecture_basilica_klimt/seed_42/output.png,SD1.5 official experimental route,models/ip_adapter/models/ip-adapter_sd15.safetensors+models/external/clip_vit_h+models/sd15,6b40588e263c958653353ec24eb7eb990cfa3da7,512,an architectural basilica scene with preserved facade layout and spatial composition,"text, watermark, lowres, low quality, worst quality, deformed, blurry",30,5.0,UniPCMultistepScheduler,1.0,official text prompt; no external control image,0,7.4802,7.4802,4391.31,False,False,False,False,LAION CLIP ViT-H; IP-Adapter,1,False,Frozen Track A native-quality InstantStyle route; seed policy 42/123/777.
A_native_quality,instantstyle,extv1_architecture_basilica_klimt,123,success,external_benchmark/outputs/instantstyle/track_A/extv1_architecture_basilica_klimt/seed_123/output.png,SD1.5 official experimental route,models/ip_adapter/models/ip-adapter_sd15.safetensors+models/external/clip_vit_h+models/sd15,6b40588e263c958653353ec24eb7eb990cfa3da7,512,an architectural basilica scene with preserved facade layout and spatial composition,"text, watermark, lowres, low quality, worst quality, deformed, blurry",30,5.0,UniPCMultistepScheduler,1.0,official text prompt; no external control image,0,7.496,7.496,4391.31,False,False,False,False,LAION CLIP ViT-H; IP-Adapter,1,False,Frozen Track A native-quality InstantStyle route; seed policy 42/123/777.
A_native_quality,instantstyle,extv1_architecture_basilica_klimt,777,success,external_benchmark/outputs/instantstyle/track_A/extv1_architecture_basilica_klimt/seed_777/output.png,SD1.5 official experimental route,models/ip_adapter/models/ip-adapter_sd15.safetensors+models/external/clip_vit_h+models/sd15,6b40588e263c958653353ec24eb7eb990cfa3da7,512,an architectural basilica scene with preserved facade layout and spatial composition,"text, watermark, lowres, low quality, worst quality, deformed, blurry",30,5.0,UniPCMultistepScheduler,1.0,official text prompt; no external control image,0,7.467,7.467,4391.31,False,False,False,False,LAION CLIP ViT-H; IP-Adapter,1,False,Frozen Track A native-quality InstantStyle route; seed policy 42/123/777.
A_native_quality,instantstyle,extv1_urban_building_monet,42,success,external_benchmark/outputs/instantstyle/track_A/extv1_urban_building_monet/seed_42/output.png,SD1.5 official experimental route,models/ip_adapter/models/ip-adapter_sd15.safetensors+models/external/clip_vit_h+models/sd15,6b40588e263c958653353ec24eb7eb990cfa3da7,512,an urban building scene with preserved structure,"text, watermark, lowres, low quality, worst quality, deformed, blurry",30,5.0,UniPCMultistepScheduler,1.0,official text prompt; no external control image,0,7.4861,7.4861,4391.31,False,False,False,False,LAION CLIP ViT-H; IP-Adapter,1,False,Frozen Track A native-quality InstantStyle route; seed policy 42/123/777.
A_native_quality,instantstyle,extv1_urban_building_monet,123,success,external_benchmark/outputs/instantstyle/track_A/extv1_urban_building_monet/seed_123/output.png,SD1.5 official experimental route,models/ip_adapter/models/ip-adapter_sd15.safetensors+models/external/clip_vit_h+models/sd15,6b40588e263c958653353ec24eb7eb990cfa3da7,512,an urban building scene with preserved structure,"text, watermark, lowres, low quality, worst quality, deformed, blurry",30,5.0,UniPCMultistepScheduler,1.0,official text prompt; no external control image,0,7.483,7.483,4391.31,False,False,False,False,LAION CLIP ViT-H; IP-Adapter,1,False,Frozen Track A native-quality InstantStyle route; seed policy 42/123/777.
A_native_quality,instantstyle,extv1_urban_building_monet,777,success,external_benchmark/outputs/instantstyle/track_A/extv1_urban_building_monet/seed_777/output.png,SD1.5 official experimental route,models/ip_adapter/models/ip-adapter_sd15.safetensors+models/external/clip_vit_h+models/sd15,6b40588e263c958653353ec24eb7eb990cfa3da7,512,an urban building scene with preserved structure,"text, watermark, lowres, low quality, worst quality, deformed, blurry",30,5.0,UniPCMultistepScheduler,1.0,official text prompt; no external control image,0,7.5369,7.5369,4391.31,False,False,False,False,LAION CLIP ViT-H; IP-Adapter,1,False,Frozen Track A native-quality InstantStyle route; seed policy 42/123/777.
A_native_quality,instantstyle,extv1_urban_building_vangogh,42,success,external_benchmark/outputs/instantstyle/track_A/extv1_urban_building_vangogh/seed_42/output.png,SD1.5 official experimental route,models/ip_adapter/models/ip-adapter_sd15.safetensors+models/external/clip_vit_h+models/sd15,6b40588e263c958653353ec24eb7eb990cfa3da7,512,an urban building scene with preserved structure,"text, watermark, lowres, low quality, worst quality, deformed, blurry",30,5.0,UniPCMultistepScheduler,1.0,official text prompt; no external control image,0,7.5347,7.5347,4391.31,False,False,False,False,LAION CLIP ViT-H; IP-Adapter,1,False,Frozen Track A native-quality InstantStyle route; seed policy 42/123/777.
A_native_quality,instantstyle,extv1_urban_building_vangogh,123,success,external_benchmark/outputs/instantstyle/track_A/extv1_urban_building_vangogh/seed_123/output.png,SD1.5 official experimental route,models/ip_adapter/models/ip-adapter_sd15.safetensors+models/external/clip_vit_h+models/sd15,6b40588e263c958653353ec24eb7eb990cfa3da7,512,an urban building scene with preserved structure,"text, watermark, lowres, low quality, worst quality, deformed, blurry",30,5.0,UniPCMultistepScheduler,1.0,official text prompt; no external control image,0,7.5136,7.5136,4391.31,False,False,False,False,LAION CLIP ViT-H; IP-Adapter,1,False,Frozen Track A native-quality InstantStyle route; seed policy 42/123/777.
A_native_quality,instantstyle,extv1_urban_building_vangogh,777,success,external_benchmark/outputs/instantstyle/track_A/extv1_urban_building_vangogh/seed_777/output.png,SD1.5 official experimental route,models/ip_adapter/models/ip-adapter_sd15.safetensors+models/external/clip_vit_h+models/sd15,6b40588e263c958653353ec24eb7eb990cfa3da7,512,an urban building scene with preserved structure,"text, watermark, lowres, low quality, worst quality, deformed, blurry",30,5.0,UniPCMultistepScheduler,1.0,official text prompt; no external control image,0,7.5074,7.5074,4391.31,False,False,False,False,LAION CLIP ViT-H; IP-Adapter,1,False,Frozen Track A native-quality InstantStyle route; seed policy 42/123/777.
A_native_quality,instantstyle,extv1_urban_building_hokusai,42,success,external_benchmark/outputs/instantstyle/track_A/extv1_urban_building_hokusai/seed_42/output.png,SD1.5 official experimental route,models/ip_adapter/models/ip-adapter_sd15.safetensors+models/external/clip_vit_h+models/sd15,6b40588e263c958653353ec24eb7eb990cfa3da7,512,an urban building scene with preserved structure,"text, watermark, lowres, low quality, worst quality, deformed, blurry",30,5.0,UniPCMultistepScheduler,1.0,official text prompt; no external control image,0,7.5621,7.5621,4391.31,False,False,False,False,LAION CLIP ViT-H; IP-Adapter,1,False,Frozen Track A native-quality InstantStyle route; seed policy 42/123/777.
A_native_quality,instantstyle,extv1_urban_building_hokusai,123,success,external_benchmark/outputs/instantstyle/track_A/extv1_urban_building_hokusai/seed_123/output.png,SD1.5 official experimental route,models/ip_adapter/models/ip-adapter_sd15.safetensors+models/external/clip_vit_h+models/sd15,6b40588e263c958653353ec24eb7eb990cfa3da7,512,an urban building scene with preserved structure,"text, watermark, lowres, low quality, worst quality, deformed, blurry",30,5.0,UniPCMultistepScheduler,1.0,official text prompt; no external control image,0,7.8172,7.8172,4391.31,False,False,False,False,LAION CLIP ViT-H; IP-Adapter,1,False,Frozen Track A native-quality InstantStyle route; seed policy 42/123/777.
A_native_quality,instantstyle,extv1_urban_building_hokusai,777,success,external_benchmark/outputs/instantstyle/track_A/extv1_urban_building_hokusai/seed_777/output.png,SD1.5 official experimental route,models/ip_adapter/models/ip-adapter_sd15.safetensors+models/external/clip_vit_h+models/sd15,6b40588e263c958653353ec24eb7eb990cfa3da7,512,an urban building scene with preserved structure,"text, watermark, lowres, low quality, worst quality, deformed, blurry",30,5.0,UniPCMultistepScheduler,1.0,official text prompt; no external control image,0,8.0501,8.0501,4391.31,False,False,False,False,LAION CLIP ViT-H; IP-Adapter,1,False,Frozen Track A native-quality InstantStyle route; seed policy 42/123/777.
A_native_quality,instantstyle,extv1_urban_building_klimt,42,success,external_benchmark/outputs/instantstyle/track_A/extv1_urban_building_klimt/seed_42/output.png,SD1.5 official experimental route,models/ip_adapter/models/ip-adapter_sd15.safetensors+models/external/clip_vit_h+models/sd15,6b40588e263c958653353ec24eb7eb990cfa3da7,512,an urban building scene with preserved structure,"text, watermark, lowres, low quality, worst quality, deformed, blurry",30,5.0,UniPCMultistepScheduler,1.0,official text prompt; no external control image,0,8.0153,8.0153,4391.31,False,False,False,False,LAION CLIP ViT-H; IP-Adapter,1,False,Frozen Track A native-quality InstantStyle route; seed policy 42/123/777.
A_native_quality,instantstyle,extv1_urban_building_klimt,123,success,external_benchmark/outputs/instantstyle/track_A/extv1_urban_building_klimt/seed_123/output.png,SD1.5 official experimental route,models/ip_adapter/models/ip-adapter_sd15.safetensors+models/external/clip_vit_h+models/sd15,6b40588e263c958653353ec24eb7eb990cfa3da7,512,an urban building scene with preserved structure,"text, watermark, lowres, low quality, worst quality, deformed, blurry",30,5.0,UniPCMultistepScheduler,1.0,official text prompt; no external control image,0,8.0291,8.0291,4391.31,False,False,False,False,LAION CLIP ViT-H; IP-Adapter,1,False,Frozen Track A native-quality InstantStyle route; seed policy 42/123/777.
A_native_quality,instantstyle,extv1_urban_building_klimt,777,success,external_benchmark/outputs/instantstyle/track_A/extv1_urban_building_klimt/seed_777/output.png,SD1.5 official experimental route,models/ip_adapter/models/ip-adapter_sd15.safetensors+models/external/clip_vit_h+models/sd15,6b40588e263c958653353ec24eb7eb990cfa3da7,512,an urban building scene with preserved structure,"text, watermark, lowres, low quality, worst quality, deformed, blurry",30,5.0,UniPCMultistepScheduler,1.0,official text prompt; no external control image,0,8.0081,8.0081,4391.31,False,False,False,False,LAION CLIP ViT-H; IP-Adapter,1,False,Frozen Track A native-quality InstantStyle route; seed policy 42/123/777.
A_native_quality,instantstyle,extv1_flower_bed_monet,42,success,external_benchmark/outputs/instantstyle/track_A/extv1_flower_bed_monet/seed_42/output.png,SD1.5 official experimental route,models/ip_adapter/models/ip-adapter_sd15.safetensors+models/external/clip_vit_h+models/sd15,6b40588e263c958653353ec24eb7eb990cfa3da7,512,a flower bed scene with preserved plant arrangement and foreground-background layout,"text, watermark, lowres, low quality, worst quality, deformed, blurry",30,5.0,UniPCMultistepScheduler,1.0,official text prompt; no external control image,0,8.0583,8.0583,4391.31,False,False,False,False,LAION CLIP ViT-H; IP-Adapter,1,False,Frozen Track A native-quality InstantStyle route; seed policy 42/123/777.
A_native_quality,instantstyle,extv1_flower_bed_monet,123,success,external_benchmark/outputs/instantstyle/track_A/extv1_flower_bed_monet/seed_123/output.png,SD1.5 official experimental route,models/ip_adapter/models/ip-adapter_sd15.safetensors+models/external/clip_vit_h+models/sd15,6b40588e263c958653353ec24eb7eb990cfa3da7,512,a flower bed scene with preserved plant arrangement and foreground-background layout,"text, watermark, lowres, low quality, worst quality, deformed, blurry",30,5.0,UniPCMultistepScheduler,1.0,official text prompt; no external control image,0,8.223,8.223,4391.31,False,False,False,False,LAION CLIP ViT-H; IP-Adapter,1,False,Frozen Track A native-quality InstantStyle route; seed policy 42/123/777.
A_native_quality,instantstyle,extv1_flower_bed_monet,777,success,external_benchmark/outputs/instantstyle/track_A/extv1_flower_bed_monet/seed_777/output.png,SD1.5 official experimental route,models/ip_adapter/models/ip-adapter_sd15.safetensors+models/external/clip_vit_h+models/sd15,6b40588e263c958653353ec24eb7eb990cfa3da7,512,a flower bed scene with preserved plant arrangement and foreground-background layout,"text, watermark, lowres, low quality, worst quality, deformed, blurry",30,5.0,UniPCMultistepScheduler,1.0,official text prompt; no external control image,0,7.508,7.508,4391.31,False,False,False,False,LAION CLIP ViT-H; IP-Adapter,1,False,Frozen Track A native-quality InstantStyle route; seed policy 42/123/777.
A_native_quality,instantstyle,extv1_flower_bed_vangogh,42,success,external_benchmark/outputs/instantstyle/track_A/extv1_flower_bed_vangogh/seed_42/output.png,SD1.5 official experimental route,models/ip_adapter/models/ip-adapter_sd15.safetensors+models/external/clip_vit_h+models/sd15,6b40588e263c958653353ec24eb7eb990cfa3da7,512,a flower bed scene with preserved plant arrangement and foreground-background layout,"text, watermark, lowres, low quality, worst quality, deformed, blurry",30,5.0,UniPCMultistepScheduler,1.0,official text prompt; no external control image,0,7.5022,7.5022,4391.31,False,False,False,False,LAION CLIP ViT-H; IP-Adapter,1,False,Frozen Track A native-quality InstantStyle route; seed policy 42/123/777.
A_native_quality,instantstyle,extv1_flower_bed_vangogh,123,success,external_benchmark/outputs/instantstyle/track_A/extv1_flower_bed_vangogh/seed_123/output.png,SD1.5 official experimental route,models/ip_adapter/models/ip-adapter_sd15.safetensors+models/external/clip_vit_h+models/sd15,6b40588e263c958653353ec24eb7eb990cfa3da7,512,a flower bed scene with preserved plant arrangement and foreground-background layout,"text, watermark, lowres, low quality, worst quality, deformed, blurry",30,5.0,UniPCMultistepScheduler,1.0,official text prompt; no external control image,0,7.5001,7.5001,4391.31,False,False,False,False,LAION CLIP ViT-H; IP-Adapter,1,False,Frozen Track A native-quality InstantStyle route; seed policy 42/123/777.
A_native_quality,instantstyle,extv1_flower_bed_vangogh,777,success,external_benchmark/outputs/instantstyle/track_A/extv1_flower_bed_vangogh/seed_777/output.png,SD1.5 official experimental route,models/ip_adapter/models/ip-adapter_sd15.safetensors+models/external/clip_vit_h+models/sd15,6b40588e263c958653353ec24eb7eb990cfa3da7,512,a flower bed scene with preserved plant arrangement and foreground-background layout,"text, watermark, lowres, low quality, worst quality, deformed, blurry",30,5.0,UniPCMultistepScheduler,1.0,official text prompt; no external control image,0,7.559,7.559,4391.31,False,False,False,False,LAION CLIP ViT-H; IP-Adapter,1,False,Frozen Track A native-quality InstantStyle route; seed policy 42/123/777.
A_native_quality,instantstyle,extv1_flower_bed_hokusai,42,success,external_benchmark/outputs/instantstyle/track_A/extv1_flower_bed_hokusai/seed_42/output.png,SD1.5 official experimental route,models/ip_adapter/models/ip-adapter_sd15.safetensors+models/external/clip_vit_h+models/sd15,6b40588e263c958653353ec24eb7eb990cfa3da7,512,a flower bed scene with preserved plant arrangement and foreground-background layout,"text, watermark, lowres, low quality, worst quality, deformed, blurry",30,5.0,UniPCMultistepScheduler,1.0,official text prompt; no external control image,0,7.5182,7.5182,4391.31,False,False,False,False,LAION CLIP ViT-H; IP-Adapter,1,False,Frozen Track A native-quality InstantStyle route; seed policy 42/123/777.
A_native_quality,instantstyle,extv1_flower_bed_hokusai,123,success,external_benchmark/outputs/instantstyle/track_A/extv1_flower_bed_hokusai/seed_123/output.png,SD1.5 official experimental route,models/ip_adapter/models/ip-adapter_sd15.safetensors+models/external/clip_vit_h+models/sd15,6b40588e263c958653353ec24eb7eb990cfa3da7,512,a flower bed scene with preserved plant arrangement and foreground-background layout,"text, watermark, lowres, low quality, worst quality, deformed, blurry",30,5.0,UniPCMultistepScheduler,1.0,official text prompt; no external control image,0,7.5118,7.5118,4391.31,False,False,False,False,LAION CLIP ViT-H; IP-Adapter,1,False,Frozen Track A native-quality InstantStyle route; seed policy 42/123/777.
A_native_quality,instantstyle,extv1_flower_bed_hokusai,777,success,external_benchmark/outputs/instantstyle/track_A/extv1_flower_bed_hokusai/seed_777/output.png,SD1.5 official experimental route,models/ip_adapter/models/ip-adapter_sd15.safetensors+models/external/clip_vit_h+models/sd15,6b40588e263c958653353ec24eb7eb990cfa3da7,512,a flower bed scene with preserved plant arrangement and foreground-background layout,"text, watermark, lowres, low quality, worst quality, deformed, blurry",30,5.0,UniPCMultistepScheduler,1.0,official text prompt; no external control image,0,7.5076,7.5076,4391.31,False,False,False,False,LAION CLIP ViT-H; IP-Adapter,1,False,Frozen Track A native-quality InstantStyle route; seed policy 42/123/777.
A_native_quality,instantstyle,extv1_flower_bed_klimt,42,success,external_benchmark/outputs/instantstyle/track_A/extv1_flower_bed_klimt/seed_42/output.png,SD1.5 official experimental route,models/ip_adapter/models/ip-adapter_sd15.safetensors+models/external/clip_vit_h+models/sd15,6b40588e263c958653353ec24eb7eb990cfa3da7,512,a flower bed scene with preserved plant arrangement and foreground-background layout,"text, watermark, lowres, low quality, worst quality, deformed, blurry",30,5.0,UniPCMultistepScheduler,1.0,official text prompt; no external control image,0,7.5091,7.5091,4391.31,False,False,False,False,LAION CLIP ViT-H; IP-Adapter,1,False,Frozen Track A native-quality InstantStyle route; seed policy 42/123/777.
A_native_quality,instantstyle,extv1_flower_bed_klimt,123,success,external_benchmark/outputs/instantstyle/track_A/extv1_flower_bed_klimt/seed_123/output.png,SD1.5 official experimental route,models/ip_adapter/models/ip-adapter_sd15.safetensors+models/external/clip_vit_h+models/sd15,6b40588e263c958653353ec24eb7eb990cfa3da7,512,a flower bed scene with preserved plant arrangement and foreground-background layout,"text, watermark, lowres, low quality, worst quality, deformed, blurry",30,5.0,UniPCMultistepScheduler,1.0,official text prompt; no external control image,0,7.5222,7.5222,4391.31,False,False,False,False,LAION CLIP ViT-H; IP-Adapter,1,False,Frozen Track A native-quality InstantStyle route; seed policy 42/123/777.
A_native_quality,instantstyle,extv1_flower_bed_klimt,777,success,external_benchmark/outputs/instantstyle/track_A/extv1_flower_bed_klimt/seed_777/output.png,SD1.5 official experimental route,models/ip_adapter/models/ip-adapter_sd15.safetensors+models/external/clip_vit_h+models/sd15,6b40588e263c958653353ec24eb7eb990cfa3da7,512,a flower bed scene with preserved plant arrangement and foreground-background layout,"text, watermark, lowres, low quality, worst quality, deformed, blurry",30,5.0,UniPCMultistepScheduler,1.0,official text prompt; no external control image,0,7.541,7.541,4391.31,False,False,False,False,LAION CLIP ViT-H; IP-Adapter,1,False,Frozen Track A native-quality InstantStyle route; seed policy 42/123/777.
A_native_quality,instantstyle,extv1_garden_flowers_monet,42,success,external_benchmark/outputs/instantstyle/track_A/extv1_garden_flowers_monet/seed_42/output.png,SD1.5 official experimental route,models/ip_adapter/models/ip-adapter_sd15.safetensors+models/external/clip_vit_h+models/sd15,6b40588e263c958653353ec24eb7eb990cfa3da7,512,a garden scene with preserved path,"text, watermark, lowres, low quality, worst quality, deformed, blurry",30,5.0,UniPCMultistepScheduler,1.0,official text prompt; no external control image,0,7.4872,7.4872,4391.31,False,False,False,False,LAION CLIP ViT-H; IP-Adapter,1,False,Frozen Track A native-quality InstantStyle route; seed policy 42/123/777.
A_native_quality,instantstyle,extv1_garden_flowers_monet,123,success,external_benchmark/outputs/instantstyle/track_A/extv1_garden_flowers_monet/seed_123/output.png,SD1.5 official experimental route,models/ip_adapter/models/ip-adapter_sd15.safetensors+models/external/clip_vit_h+models/sd15,6b40588e263c958653353ec24eb7eb990cfa3da7,512,a garden scene with preserved path,"text, watermark, lowres, low quality, worst quality, deformed, blurry",30,5.0,UniPCMultistepScheduler,1.0,official text prompt; no external control image,0,7.5139,7.5139,4391.31,False,False,False,False,LAION CLIP ViT-H; IP-Adapter,1,False,Frozen Track A native-quality InstantStyle route; seed policy 42/123/777.
A_native_quality,instantstyle,extv1_garden_flowers_monet,777,success,external_benchmark/outputs/instantstyle/track_A/extv1_garden_flowers_monet/seed_777/output.png,SD1.5 official experimental route,models/ip_adapter/models/ip-adapter_sd15.safetensors+models/external/clip_vit_h+models/sd15,6b40588e263c958653353ec24eb7eb990cfa3da7,512,a garden scene with preserved path,"text, watermark, lowres, low quality, worst quality, deformed, blurry",30,5.0,UniPCMultistepScheduler,1.0,official text prompt; no external control image,0,7.4884,7.4884,4391.31,False,False,False,False,LAION CLIP ViT-H; IP-Adapter,1,False,Frozen Track A native-quality InstantStyle route; seed policy 42/123/777.
A_native_quality,instantstyle,extv1_garden_flowers_vangogh,42,success,external_benchmark/outputs/instantstyle/track_A/extv1_garden_flowers_vangogh/seed_42/output.png,SD1.5 official experimental route,models/ip_adapter/models/ip-adapter_sd15.safetensors+models/external/clip_vit_h+models/sd15,6b40588e263c958653353ec24eb7eb990cfa3da7,512,a garden scene with preserved path,"text, watermark, lowres, low quality, worst quality, deformed, blurry",30,5.0,UniPCMultistepScheduler,1.0,official text prompt; no external control image,0,7.4967,7.4967,4391.31,False,False,False,False,LAION CLIP ViT-H; IP-Adapter,1,False,Frozen Track A native-quality InstantStyle route; seed policy 42/123/777.
A_native_quality,instantstyle,extv1_garden_flowers_vangogh,123,success,external_benchmark/outputs/instantstyle/track_A/extv1_garden_flowers_vangogh/seed_123/output.png,SD1.5 official experimental route,models/ip_adapter/models/ip-adapter_sd15.safetensors+models/external/clip_vit_h+models/sd15,6b40588e263c958653353ec24eb7eb990cfa3da7,512,a garden scene with preserved path,"text, watermark, lowres, low quality, worst quality, deformed, blurry",30,5.0,UniPCMultistepScheduler,1.0,official text prompt; no external control image,0,7.6436,7.6436,4391.31,False,False,False,False,LAION CLIP ViT-H; IP-Adapter,1,False,Frozen Track A native-quality InstantStyle route; seed policy 42/123/777.
A_native_quality,instantstyle,extv1_garden_flowers_vangogh,777,success,external_benchmark/outputs/instantstyle/track_A/extv1_garden_flowers_vangogh/seed_777/output.png,SD1.5 official experimental route,models/ip_adapter/models/ip-adapter_sd15.safetensors+models/external/clip_vit_h+models/sd15,6b40588e263c958653353ec24eb7eb990cfa3da7,512,a garden scene with preserved path,"text, watermark, lowres, low quality, worst quality, deformed, blurry",30,5.0,UniPCMultistepScheduler,1.0,official text prompt; no external control image,0,7.4807,7.4807,4391.31,False,False,False,False,LAION CLIP ViT-H; IP-Adapter,1,False,Frozen Track A native-quality InstantStyle route; seed policy 42/123/777.
A_native_quality,instantstyle,extv1_garden_flowers_hokusai,42,success,external_benchmark/outputs/instantstyle/track_A/extv1_garden_flowers_hokusai/seed_42/output.png,SD1.5 official experimental route,models/ip_adapter/models/ip-adapter_sd15.safetensors+models/external/clip_vit_h+models/sd15,6b40588e263c958653353ec24eb7eb990cfa3da7,512,a garden scene with preserved path,"text, watermark, lowres, low quality, worst quality, deformed, blurry",30,5.0,UniPCMultistepScheduler,1.0,official text prompt; no external control image,0,7.4836,7.4836,4391.31,False,False,False,False,LAION CLIP ViT-H; IP-Adapter,1,False,Frozen Track A native-quality InstantStyle route; seed policy 42/123/777.
A_native_quality,instantstyle,extv1_garden_flowers_hokusai,123,success,external_benchmark/outputs/instantstyle/track_A/extv1_garden_flowers_hokusai/seed_123/output.png,SD1.5 official experimental route,models/ip_adapter/models/ip-adapter_sd15.safetensors+models/external/clip_vit_h+models/sd15,6b40588e263c958653353ec24eb7eb990cfa3da7,512,a garden scene with preserved path,"text, watermark, lowres, low quality, worst quality, deformed, blurry",30,5.0,UniPCMultistepScheduler,1.0,official text prompt; no external control image,0,7.5075,7.5075,4391.31,False,False,False,False,LAION CLIP ViT-H; IP-Adapter,1,False,Frozen Track A native-quality InstantStyle route; seed policy 42/123/777.
A_native_quality,instantstyle,extv1_garden_flowers_hokusai,777,success,external_benchmark/outputs/instantstyle/track_A/extv1_garden_flowers_hokusai/seed_777/output.png,SD1.5 official experimental route,models/ip_adapter/models/ip-adapter_sd15.safetensors+models/external/clip_vit_h+models/sd15,6b40588e263c958653353ec24eb7eb990cfa3da7,512,a garden scene with preserved path,"text, watermark, lowres, low quality, worst quality, deformed, blurry",30,5.0,UniPCMultistepScheduler,1.0,official text prompt; no external control image,0,7.5204,7.5204,4391.31,False,False,False,False,LAION CLIP ViT-H; IP-Adapter,1,False,Frozen Track A native-quality InstantStyle route; seed policy 42/123/777.
A_native_quality,instantstyle,extv1_garden_flowers_klimt,42,success,external_benchmark/outputs/instantstyle/track_A/extv1_garden_flowers_klimt/seed_42/output.png,SD1.5 official experimental route,models/ip_adapter/models/ip-adapter_sd15.safetensors+models/external/clip_vit_h+models/sd15,6b40588e263c958653353ec24eb7eb990cfa3da7,512,a garden scene with preserved path,"text, watermark, lowres, low quality, worst quality, deformed, blurry",30,5.0,UniPCMultistepScheduler,1.0,official text prompt; no external control image,0,7.4739,7.4739,4391.31,False,False,False,False,LAION CLIP ViT-H; IP-Adapter,1,False,Frozen Track A native-quality InstantStyle route; seed policy 42/123/777.
A_native_quality,instantstyle,extv1_garden_flowers_klimt,123,success,external_benchmark/outputs/instantstyle/track_A/extv1_garden_flowers_klimt/seed_123/output.png,SD1.5 official experimental route,models/ip_adapter/models/ip-adapter_sd15.safetensors+models/external/clip_vit_h+models/sd15,6b40588e263c958653353ec24eb7eb990cfa3da7,512,a garden scene with preserved path,"text, watermark, lowres, low quality, worst quality, deformed, blurry",30,5.0,UniPCMultistepScheduler,1.0,official text prompt; no external control image,0,7.4865,7.4865,4391.31,False,False,False,False,LAION CLIP ViT-H; IP-Adapter,1,False,Frozen Track A native-quality InstantStyle route; seed policy 42/123/777.
A_native_quality,instantstyle,extv1_garden_flowers_klimt,777,success,external_benchmark/outputs/instantstyle/track_A/extv1_garden_flowers_klimt/seed_777/output.png,SD1.5 official experimental route,models/ip_adapter/models/ip-adapter_sd15.safetensors+models/external/clip_vit_h+models/sd15,6b40588e263c958653353ec24eb7eb990cfa3da7,512,a garden scene with preserved path,"text, watermark, lowres, low quality, worst quality, deformed, blurry",30,5.0,UniPCMultistepScheduler,1.0,official text prompt; no external control image,0,7.5123,7.5123,4391.31,False,False,False,False,LAION CLIP ViT-H; IP-Adapter,1,False,Frozen Track A native-quality InstantStyle route; seed policy 42/123/777.
A_native_quality,instantstyle,extv1_mountain_lake_monet,42,success,external_benchmark/outputs/instantstyle/track_A/extv1_mountain_lake_monet/seed_42/output.png,SD1.5 official experimental route,models/ip_adapter/models/ip-adapter_sd15.safetensors+models/external/clip_vit_h+models/sd15,6b40588e263c958653353ec24eb7eb990cfa3da7,512,a mountain lake landscape with preserved horizon,"text, watermark, lowres, low quality, worst quality, deformed, blurry",30,5.0,UniPCMultistepScheduler,1.0,official text prompt; no external control image,0,7.4835,7.4835,4391.31,False,False,False,False,LAION CLIP ViT-H; IP-Adapter,1,False,Frozen Track A native-quality InstantStyle route; seed policy 42/123/777.
A_native_quality,instantstyle,extv1_mountain_lake_monet,123,success,external_benchmark/outputs/instantstyle/track_A/extv1_mountain_lake_monet/seed_123/output.png,SD1.5 official experimental route,models/ip_adapter/models/ip-adapter_sd15.safetensors+models/external/clip_vit_h+models/sd15,6b40588e263c958653353ec24eb7eb990cfa3da7,512,a mountain lake landscape with preserved horizon,"text, watermark, lowres, low quality, worst quality, deformed, blurry",30,5.0,UniPCMultistepScheduler,1.0,official text prompt; no external control image,0,7.507,7.507,4391.31,False,False,False,False,LAION CLIP ViT-H; IP-Adapter,1,False,Frozen Track A native-quality InstantStyle route; seed policy 42/123/777.
A_native_quality,instantstyle,extv1_mountain_lake_monet,777,success,external_benchmark/outputs/instantstyle/track_A/extv1_mountain_lake_monet/seed_777/output.png,SD1.5 official experimental route,models/ip_adapter/models/ip-adapter_sd15.safetensors+models/external/clip_vit_h+models/sd15,6b40588e263c958653353ec24eb7eb990cfa3da7,512,a mountain lake landscape with preserved horizon,"text, watermark, lowres, low quality, worst quality, deformed, blurry",30,5.0,UniPCMultistepScheduler,1.0,official text prompt; no external control image,0,7.4871,7.4871,4391.31,False,False,False,False,LAION CLIP ViT-H; IP-Adapter,1,False,Frozen Track A native-quality InstantStyle route; seed policy 42/123/777.
A_native_quality,instantstyle,extv1_mountain_lake_vangogh,42,success,external_benchmark/outputs/instantstyle/track_A/extv1_mountain_lake_vangogh/seed_42/output.png,SD1.5 official experimental route,models/ip_adapter/models/ip-adapter_sd15.safetensors+models/external/clip_vit_h+models/sd15,6b40588e263c958653353ec24eb7eb990cfa3da7,512,a mountain lake landscape with preserved horizon,"text, watermark, lowres, low quality, worst quality, deformed, blurry",30,5.0,UniPCMultistepScheduler,1.0,official text prompt; no external control image,0,7.4768,7.4768,4391.31,False,False,False,False,LAION CLIP ViT-H; IP-Adapter,1,False,Frozen Track A native-quality InstantStyle route; seed policy 42/123/777.
A_native_quality,instantstyle,extv1_mountain_lake_vangogh,123,success,external_benchmark/outputs/instantstyle/track_A/extv1_mountain_lake_vangogh/seed_123/output.png,SD1.5 official experimental route,models/ip_adapter/models/ip-adapter_sd15.safetensors+models/external/clip_vit_h+models/sd15,6b40588e263c958653353ec24eb7eb990cfa3da7,512,a mountain lake landscape with preserved horizon,"text, watermark, lowres, low quality, worst quality, deformed, blurry",30,5.0,UniPCMultistepScheduler,1.0,official text prompt; no external control image,0,7.4776,7.4776,4391.31,False,False,False,False,LAION CLIP ViT-H; IP-Adapter,1,False,Frozen Track A native-quality InstantStyle route; seed policy 42/123/777.
A_native_quality,instantstyle,extv1_mountain_lake_vangogh,777,success,external_benchmark/outputs/instantstyle/track_A/extv1_mountain_lake_vangogh/seed_777/output.png,SD1.5 official experimental route,models/ip_adapter/models/ip-adapter_sd15.safetensors+models/external/clip_vit_h+models/sd15,6b40588e263c958653353ec24eb7eb990cfa3da7,512,a mountain lake landscape with preserved horizon,"text, watermark, lowres, low quality, worst quality, deformed, blurry",30,5.0,UniPCMultistepScheduler,1.0,official text prompt; no external control image,0,7.5079,7.5079,4391.31,False,False,False,False,LAION CLIP ViT-H; IP-Adapter,1,False,Frozen Track A native-quality InstantStyle route; seed policy 42/123/777.
A_native_quality,instantstyle,extv1_mountain_lake_hokusai,42,success,external_benchmark/outputs/instantstyle/track_A/extv1_mountain_lake_hokusai/seed_42/output.png,SD1.5 official experimental route,models/ip_adapter/models/ip-adapter_sd15.safetensors+models/external/clip_vit_h+models/sd15,6b40588e263c958653353ec24eb7eb990cfa3da7,512,a mountain lake landscape with preserved horizon,"text, watermark, lowres, low quality, worst quality, deformed, blurry",30,5.0,UniPCMultistepScheduler,1.0,official text prompt; no external control image,0,7.4764,7.4764,4391.31,False,False,False,False,LAION CLIP ViT-H; IP-Adapter,1,False,Frozen Track A native-quality InstantStyle route; seed policy 42/123/777.
A_native_quality,instantstyle,extv1_mountain_lake_hokusai,123,success,external_benchmark/outputs/instantstyle/track_A/extv1_mountain_lake_hokusai/seed_123/output.png,SD1.5 official experimental route,models/ip_adapter/models/ip-adapter_sd15.safetensors+models/external/clip_vit_h+models/sd15,6b40588e263c958653353ec24eb7eb990cfa3da7,512,a mountain lake landscape with preserved horizon,"text, watermark, lowres, low quality, worst quality, deformed, blurry",30,5.0,UniPCMultistepScheduler,1.0,official text prompt; no external control image,0,7.503,7.503,4391.31,False,False,False,False,LAION CLIP ViT-H; IP-Adapter,1,False,Frozen Track A native-quality InstantStyle route; seed policy 42/123/777.
A_native_quality,instantstyle,extv1_mountain_lake_hokusai,777,success,external_benchmark/outputs/instantstyle/track_A/extv1_mountain_lake_hokusai/seed_777/output.png,SD1.5 official experimental route,models/ip_adapter/models/ip-adapter_sd15.safetensors+models/external/clip_vit_h+models/sd15,6b40588e263c958653353ec24eb7eb990cfa3da7,512,a mountain lake landscape with preserved horizon,"text, watermark, lowres, low quality, worst quality, deformed, blurry",30,5.0,UniPCMultistepScheduler,1.0,official text prompt; no external control image,0,7.4769,7.4769,4391.31,False,False,False,False,LAION CLIP ViT-H; IP-Adapter,1,False,Frozen Track A native-quality InstantStyle route; seed policy 42/123/777.
A_native_quality,instantstyle,extv1_mountain_lake_klimt,42,success,external_benchmark/outputs/instantstyle/track_A/extv1_mountain_lake_klimt/seed_42/output.png,SD1.5 official experimental route,models/ip_adapter/models/ip-adapter_sd15.safetensors+models/external/clip_vit_h+models/sd15,6b40588e263c958653353ec24eb7eb990cfa3da7,512,a mountain lake landscape with preserved horizon,"text, watermark, lowres, low quality, worst quality, deformed, blurry",30,5.0,UniPCMultistepScheduler,1.0,official text prompt; no external control image,0,7.5029,7.5029,4391.31,False,False,False,False,LAION CLIP ViT-H; IP-Adapter,1,False,Frozen Track A native-quality InstantStyle route; seed policy 42/123/777.
A_native_quality,instantstyle,extv1_mountain_lake_klimt,123,success,external_benchmark/outputs/instantstyle/track_A/extv1_mountain_lake_klimt/seed_123/output.png,SD1.5 official experimental route,models/ip_adapter/models/ip-adapter_sd15.safetensors+models/external/clip_vit_h+models/sd15,6b40588e263c958653353ec24eb7eb990cfa3da7,512,a mountain lake landscape with preserved horizon,"text, watermark, lowres, low quality, worst quality, deformed, blurry",30,5.0,UniPCMultistepScheduler,1.0,official text prompt; no external control image,0,7.5069,7.5069,4391.31,False,False,False,False,LAION CLIP ViT-H; IP-Adapter,1,False,Frozen Track A native-quality InstantStyle route; seed policy 42/123/777.
A_native_quality,instantstyle,extv1_mountain_lake_klimt,777,success,external_benchmark/outputs/instantstyle/track_A/extv1_mountain_lake_klimt/seed_777/output.png,SD1.5 official experimental route,models/ip_adapter/models/ip-adapter_sd15.safetensors+models/external/clip_vit_h+models/sd15,6b40588e263c958653353ec24eb7eb990cfa3da7,512,a mountain lake landscape with preserved horizon,"text, watermark, lowres, low quality, worst quality, deformed, blurry",30,5.0,UniPCMultistepScheduler,1.0,official text prompt; no external control image,0,7.5023,7.5023,4391.31,False,False,False,False,LAION CLIP ViT-H; IP-Adapter,1,False,Frozen Track A native-quality InstantStyle route; seed policy 42/123/777.
A_native_quality,instantstyle,extv1_night_valley_monet,42,success,external_benchmark/outputs/instantstyle/track_A/extv1_night_valley_monet/seed_42/output.png,SD1.5 official experimental route,models/ip_adapter/models/ip-adapter_sd15.safetensors+models/external/clip_vit_h+models/sd15,6b40588e263c958653353ec24eb7eb990cfa3da7,512,a night sky and town in a valley with preserved skyline,"text, watermark, lowres, low quality, worst quality, deformed, blurry",30,5.0,UniPCMultistepScheduler,1.0,official text prompt; no external control image,0,7.5053,7.5053,4391.31,False,False,False,False,LAION CLIP ViT-H; IP-Adapter,1,False,Frozen Track A native-quality InstantStyle route; seed policy 42/123/777.
A_native_quality,instantstyle,extv1_night_valley_monet,123,success,external_benchmark/outputs/instantstyle/track_A/extv1_night_valley_monet/seed_123/output.png,SD1.5 official experimental route,models/ip_adapter/models/ip-adapter_sd15.safetensors+models/external/clip_vit_h+models/sd15,6b40588e263c958653353ec24eb7eb990cfa3da7,512,a night sky and town in a valley with preserved skyline,"text, watermark, lowres, low quality, worst quality, deformed, blurry",30,5.0,UniPCMultistepScheduler,1.0,official text prompt; no external control image,0,7.4587,7.4587,4391.31,False,False,False,False,LAION CLIP ViT-H; IP-Adapter,1,False,Frozen Track A native-quality InstantStyle route; seed policy 42/123/777.
A_native_quality,instantstyle,extv1_night_valley_monet,777,success,external_benchmark/outputs/instantstyle/track_A/extv1_night_valley_monet/seed_777/output.png,SD1.5 official experimental route,models/ip_adapter/models/ip-adapter_sd15.safetensors+models/external/clip_vit_h+models/sd15,6b40588e263c958653353ec24eb7eb990cfa3da7,512,a night sky and town in a valley with preserved skyline,"text, watermark, lowres, low quality, worst quality, deformed, blurry",30,5.0,UniPCMultistepScheduler,1.0,official text prompt; no external control image,0,7.5521,7.5521,4391.31,False,False,False,False,LAION CLIP ViT-H; IP-Adapter,1,False,Frozen Track A native-quality InstantStyle route; seed policy 42/123/777.
A_native_quality,instantstyle,extv1_night_valley_vangogh,42,success,external_benchmark/outputs/instantstyle/track_A/extv1_night_valley_vangogh/seed_42/output.png,SD1.5 official experimental route,models/ip_adapter/models/ip-adapter_sd15.safetensors+models/external/clip_vit_h+models/sd15,6b40588e263c958653353ec24eb7eb990cfa3da7,512,a night sky and town in a valley with preserved skyline,"text, watermark, lowres, low quality, worst quality, deformed, blurry",30,5.0,UniPCMultistepScheduler,1.0,official text prompt; no external control image,0,7.5235,7.5235,4391.31,False,False,False,False,LAION CLIP ViT-H; IP-Adapter,1,False,Frozen Track A native-quality InstantStyle route; seed policy 42/123/777.
A_native_quality,instantstyle,extv1_night_valley_vangogh,123,success,external_benchmark/outputs/instantstyle/track_A/extv1_night_valley_vangogh/seed_123/output.png,SD1.5 official experimental route,models/ip_adapter/models/ip-adapter_sd15.safetensors+models/external/clip_vit_h+models/sd15,6b40588e263c958653353ec24eb7eb990cfa3da7,512,a night sky and town in a valley with preserved skyline,"text, watermark, lowres, low quality, worst quality, deformed, blurry",30,5.0,UniPCMultistepScheduler,1.0,official text prompt; no external control image,0,7.4992,7.4992,4391.31,False,False,False,False,LAION CLIP ViT-H; IP-Adapter,1,False,Frozen Track A native-quality InstantStyle route; seed policy 42/123/777.
A_native_quality,instantstyle,extv1_night_valley_vangogh,777,success,external_benchmark/outputs/instantstyle/track_A/extv1_night_valley_vangogh/seed_777/output.png,SD1.5 official experimental route,models/ip_adapter/models/ip-adapter_sd15.safetensors+models/external/clip_vit_h+models/sd15,6b40588e263c958653353ec24eb7eb990cfa3da7,512,a night sky and town in a valley with preserved skyline,"text, watermark, lowres, low quality, worst quality, deformed, blurry",30,5.0,UniPCMultistepScheduler,1.0,official text prompt; no external control image,0,7.5018,7.5018,4391.31,False,False,False,False,LAION CLIP ViT-H; IP-Adapter,1,False,Frozen Track A native-quality InstantStyle route; seed policy 42/123/777.
A_native_quality,instantstyle,extv1_night_valley_hokusai,42,success,external_benchmark/outputs/instantstyle/track_A/extv1_night_valley_hokusai/seed_42/output.png,SD1.5 official experimental route,models/ip_adapter/models/ip-adapter_sd15.safetensors+models/external/clip_vit_h+models/sd15,6b40588e263c958653353ec24eb7eb990cfa3da7,512,a night sky and town in a valley with preserved skyline,"text, watermark, lowres, low quality, worst quality, deformed, blurry",30,5.0,UniPCMultistepScheduler,1.0,official text prompt; no external control image,0,7.506,7.506,4391.31,False,False,False,False,LAION CLIP ViT-H; IP-Adapter,1,False,Frozen Track A native-quality InstantStyle route; seed policy 42/123/777.
A_native_quality,instantstyle,extv1_night_valley_hokusai,123,success,external_benchmark/outputs/instantstyle/track_A/extv1_night_valley_hokusai/seed_123/output.png,SD1.5 official experimental route,models/ip_adapter/models/ip-adapter_sd15.safetensors+models/external/clip_vit_h+models/sd15,6b40588e263c958653353ec24eb7eb990cfa3da7,512,a night sky and town in a valley with preserved skyline,"text, watermark, lowres, low quality, worst quality, deformed, blurry",30,5.0,UniPCMultistepScheduler,1.0,official text prompt; no external control image,0,7.4896,7.4896,4391.31,False,False,False,False,LAION CLIP ViT-H; IP-Adapter,1,False,Frozen Track A native-quality InstantStyle route; seed policy 42/123/777.
A_native_quality,instantstyle,extv1_night_valley_hokusai,777,success,external_benchmark/outputs/instantstyle/track_A/extv1_night_valley_hokusai/seed_777/output.png,SD1.5 official experimental route,models/ip_adapter/models/ip-adapter_sd15.safetensors+models/external/clip_vit_h+models/sd15,6b40588e263c958653353ec24eb7eb990cfa3da7,512,a night sky and town in a valley with preserved skyline,"text, watermark, lowres, low quality, worst quality, deformed, blurry",30,5.0,UniPCMultistepScheduler,1.0,official text prompt; no external control image,0,7.5132,7.5132,4391.31,False,False,False,False,LAION CLIP ViT-H; IP-Adapter,1,False,Frozen Track A native-quality InstantStyle route; seed policy 42/123/777.
A_native_quality,instantstyle,extv1_night_valley_klimt,42,success,external_benchmark/outputs/instantstyle/track_A/extv1_night_valley_klimt/seed_42/output.png,SD1.5 official experimental route,models/ip_adapter/models/ip-adapter_sd15.safetensors+models/external/clip_vit_h+models/sd15,6b40588e263c958653353ec24eb7eb990cfa3da7,512,a night sky and town in a valley with preserved skyline,"text, watermark, lowres, low quality, worst quality, deformed, blurry",30,5.0,UniPCMultistepScheduler,1.0,official text prompt; no external control image,0,7.482,7.482,4391.31,False,False,False,False,LAION CLIP ViT-H; IP-Adapter,1,False,Frozen Track A native-quality InstantStyle route; seed policy 42/123/777.
A_native_quality,instantstyle,extv1_night_valley_klimt,123,success,external_benchmark/outputs/instantstyle/track_A/extv1_night_valley_klimt/seed_123/output.png,SD1.5 official experimental route,models/ip_adapter/models/ip-adapter_sd15.safetensors+models/external/clip_vit_h+models/sd15,6b40588e263c958653353ec24eb7eb990cfa3da7,512,a night sky and town in a valley with preserved skyline,"text, watermark, lowres, low quality, worst quality, deformed, blurry",30,5.0,UniPCMultistepScheduler,1.0,official text prompt; no external control image,0,7.5102,7.5102,4391.31,False,False,False,False,LAION CLIP ViT-H; IP-Adapter,1,False,Frozen Track A native-quality InstantStyle route; seed policy 42/123/777.
A_native_quality,instantstyle,extv1_night_valley_klimt,777,success,external_benchmark/outputs/instantstyle/track_A/extv1_night_valley_klimt/seed_777/output.png,SD1.5 official experimental route,models/ip_adapter/models/ip-adapter_sd15.safetensors+models/external/clip_vit_h+models/sd15,6b40588e263c958653353ec24eb7eb990cfa3da7,512,a night sky and town in a valley with preserved skyline,"text, watermark, lowres, low quality, worst quality, deformed, blurry",30,5.0,UniPCMultistepScheduler,1.0,official text prompt; no external control image,0,7.5399,7.5399,4391.31,False,False,False,False,LAION CLIP ViT-H; IP-Adapter,1,False,Frozen Track A native-quality InstantStyle route; seed policy 42/123/777.
B_controlled_sd15,ours_a2_fixed,extv1_architecture_basilica_monet,42,success,external_benchmark/outputs/ours_a2_fixed/track_B/extv1_architecture_basilica_monet/seed_42/output.png,SD1.5,models/ip_adapter_plus/models/ip-adapter-plus_sd15.safetensors+models/sd15+models/controlnet_canny,local_frozen_a2_path,512,an architectural basilica scene with preserved facade layout and spatial composition,"low quality, blurry, distorted, text, watermark, copied objects",30,5.8,DDIMScheduler,0.6,Canny ControlNet,0,10.8046,10.8046,5337.71,False,False,False,False,IP-Adapter Plus; Canny ControlNet; frozen A2 schedule,1,False,Frozen A2_highres_only path; global reference strength lambda=0.6; seed policy 42/123/777.
B_controlled_sd15,ours_a2_fixed,extv1_architecture_basilica_monet,123,success,external_benchmark/outputs/ours_a2_fixed/track_B/extv1_architecture_basilica_monet/seed_123/output.png,SD1.5,models/ip_adapter_plus/models/ip-adapter-plus_sd15.safetensors+models/sd15+models/controlnet_canny,local_frozen_a2_path,512,an architectural basilica scene with preserved facade layout and spatial composition,"low quality, blurry, distorted, text, watermark, copied objects",30,5.8,DDIMScheduler,0.6,Canny ControlNet,0,3.8549,3.8549,5337.71,False,False,False,False,IP-Adapter Plus; Canny ControlNet; frozen A2 schedule,1,False,Frozen A2_highres_only path; global reference strength lambda=0.6; seed policy 42/123/777.
B_controlled_sd15,ours_a2_fixed,extv1_architecture_basilica_monet,777,success,external_benchmark/outputs/ours_a2_fixed/track_B/extv1_architecture_basilica_monet/seed_777/output.png,SD1.5,models/ip_adapter_plus/models/ip-adapter-plus_sd15.safetensors+models/sd15+models/controlnet_canny,local_frozen_a2_path,512,an architectural basilica scene with preserved facade layout and spatial composition,"low quality, blurry, distorted, text, watermark, copied objects",30,5.8,DDIMScheduler,0.6,Canny ControlNet,0,3.8752,3.8752,5337.71,False,False,False,False,IP-Adapter Plus; Canny ControlNet; frozen A2 schedule,1,False,Frozen A2_highres_only path; global reference strength lambda=0.6; seed policy 42/123/777.
B_controlled_sd15,ours_a2_fixed,extv1_architecture_basilica_vangogh,42,success,external_benchmark/outputs/ours_a2_fixed/track_B/extv1_architecture_basilica_vangogh/seed_42/output.png,SD1.5,models/ip_adapter_plus/models/ip-adapter-plus_sd15.safetensors+models/sd15+models/controlnet_canny,local_frozen_a2_path,512,an architectural basilica scene with preserved facade layout and spatial composition,"low quality, blurry, distorted, text, watermark, copied objects",30,5.8,DDIMScheduler,0.6,Canny ControlNet,0,3.7925,3.7925,5337.71,False,False,False,False,IP-Adapter Plus; Canny ControlNet; frozen A2 schedule,1,False,Frozen A2_highres_only path; global reference strength lambda=0.6; seed policy 42/123/777.
B_controlled_sd15,ours_a2_fixed,extv1_architecture_basilica_vangogh,123,success,external_benchmark/outputs/ours_a2_fixed/track_B/extv1_architecture_basilica_vangogh/seed_123/output.png,SD1.5,models/ip_adapter_plus/models/ip-adapter-plus_sd15.safetensors+models/sd15+models/controlnet_canny,local_frozen_a2_path,512,an architectural basilica scene with preserved facade layout and spatial composition,"low quality, blurry, distorted, text, watermark, copied objects",30,5.8,DDIMScheduler,0.6,Canny ControlNet,0,3.7887,3.7887,5337.71,False,False,False,False,IP-Adapter Plus; Canny ControlNet; frozen A2 schedule,1,False,Frozen A2_highres_only path; global reference strength lambda=0.6; seed policy 42/123/777.
B_controlled_sd15,ours_a2_fixed,extv1_architecture_basilica_vangogh,777,success,external_benchmark/outputs/ours_a2_fixed/track_B/extv1_architecture_basilica_vangogh/seed_777/output.png,SD1.5,models/ip_adapter_plus/models/ip-adapter-plus_sd15.safetensors+models/sd15+models/controlnet_canny,local_frozen_a2_path,512,an architectural basilica scene with preserved facade layout and spatial composition,"low quality, blurry, distorted, text, watermark, copied objects",30,5.8,DDIMScheduler,0.6,Canny ControlNet,0,3.8164,3.8164,5337.71,False,False,False,False,IP-Adapter Plus; Canny ControlNet; frozen A2 schedule,1,False,Frozen A2_highres_only path; global reference strength lambda=0.6; seed policy 42/123/777.
B_controlled_sd15,ours_a2_fixed,extv1_architecture_basilica_hokusai,42,success,external_benchmark/outputs/ours_a2_fixed/track_B/extv1_architecture_basilica_hokusai/seed_42/output.png,SD1.5,models/ip_adapter_plus/models/ip-adapter-plus_sd15.safetensors+models/sd15+models/controlnet_canny,local_frozen_a2_path,512,an architectural basilica scene with preserved facade layout and spatial composition,"low quality, blurry, distorted, text, watermark, copied objects",30,5.8,DDIMScheduler,0.6,Canny ControlNet,0,3.8688,3.8688,5337.71,False,False,False,False,IP-Adapter Plus; Canny ControlNet; frozen A2 schedule,1,False,Frozen A2_highres_only path; global reference strength lambda=0.6; seed policy 42/123/777.
B_controlled_sd15,ours_a2_fixed,extv1_architecture_basilica_hokusai,123,success,external_benchmark/outputs/ours_a2_fixed/track_B/extv1_architecture_basilica_hokusai/seed_123/output.png,SD1.5,models/ip_adapter_plus/models/ip-adapter-plus_sd15.safetensors+models/sd15+models/controlnet_canny,local_frozen_a2_path,512,an architectural basilica scene with preserved facade layout and spatial composition,"low quality, blurry, distorted, text, watermark, copied objects",30,5.8,DDIMScheduler,0.6,Canny ControlNet,0,3.8777,3.8777,5337.71,False,False,False,False,IP-Adapter Plus; Canny ControlNet; frozen A2 schedule,1,False,Frozen A2_highres_only path; global reference strength lambda=0.6; seed policy 42/123/777.
B_controlled_sd15,ours_a2_fixed,extv1_architecture_basilica_hokusai,777,success,external_benchmark/outputs/ours_a2_fixed/track_B/extv1_architecture_basilica_hokusai/seed_777/output.png,SD1.5,models/ip_adapter_plus/models/ip-adapter-plus_sd15.safetensors+models/sd15+models/controlnet_canny,local_frozen_a2_path,512,an architectural basilica scene with preserved facade layout and spatial composition,"low quality, blurry, distorted, text, watermark, copied objects",30,5.8,DDIMScheduler,0.6,Canny ControlNet,0,3.8546,3.8546,5337.71,False,False,False,False,IP-Adapter Plus; Canny ControlNet; frozen A2 schedule,1,False,Frozen A2_highres_only path; global reference strength lambda=0.6; seed policy 42/123/777.
B_controlled_sd15,ours_a2_fixed,extv1_architecture_basilica_klimt,42,success,external_benchmark/outputs/ours_a2_fixed/track_B/extv1_architecture_basilica_klimt/seed_42/output.png,SD1.5,models/ip_adapter_plus/models/ip-adapter-plus_sd15.safetensors+models/sd15+models/controlnet_canny,local_frozen_a2_path,512,an architectural basilica scene with preserved facade layout and spatial composition,"low quality, blurry, distorted, text, watermark, copied objects",30,5.8,DDIMScheduler,0.6,Canny ControlNet,0,4.1698,4.1698,5337.71,False,False,False,False,IP-Adapter Plus; Canny ControlNet; frozen A2 schedule,1,False,Frozen A2_highres_only path; global reference strength lambda=0.6; seed policy 42/123/777.
B_controlled_sd15,ours_a2_fixed,extv1_architecture_basilica_klimt,123,success,external_benchmark/outputs/ours_a2_fixed/track_B/extv1_architecture_basilica_klimt/seed_123/output.png,SD1.5,models/ip_adapter_plus/models/ip-adapter-plus_sd15.safetensors+models/sd15+models/controlnet_canny,local_frozen_a2_path,512,an architectural basilica scene with preserved facade layout and spatial composition,"low quality, blurry, distorted, text, watermark, copied objects",30,5.8,DDIMScheduler,0.6,Canny ControlNet,0,4.2893,4.2893,5337.71,False,False,False,False,IP-Adapter Plus; Canny ControlNet; frozen A2 schedule,1,False,Frozen A2_highres_only path; global reference strength lambda=0.6; seed policy 42/123/777.
B_controlled_sd15,ours_a2_fixed,extv1_architecture_basilica_klimt,777,success,external_benchmark/outputs/ours_a2_fixed/track_B/extv1_architecture_basilica_klimt/seed_777/output.png,SD1.5,models/ip_adapter_plus/models/ip-adapter-plus_sd15.safetensors+models/sd15+models/controlnet_canny,local_frozen_a2_path,512,an architectural basilica scene with preserved facade layout and spatial composition,"low quality, blurry, distorted, text, watermark, copied objects",30,5.8,DDIMScheduler,0.6,Canny ControlNet,0,3.9928,3.9928,5337.71,False,False,False,False,IP-Adapter Plus; Canny ControlNet; frozen A2 schedule,1,False,Frozen A2_highres_only path; global reference strength lambda=0.6; seed policy 42/123/777.
B_controlled_sd15,ours_a2_fixed,extv1_urban_building_monet,42,success,external_benchmark/outputs/ours_a2_fixed/track_B/extv1_urban_building_monet/seed_42/output.png,SD1.5,models/ip_adapter_plus/models/ip-adapter-plus_sd15.safetensors+models/sd15+models/controlnet_canny,local_frozen_a2_path,512,an urban building scene with preserved structure,"low quality, blurry, distorted, text, watermark, copied objects",30,5.8,DDIMScheduler,0.6,Canny ControlNet,0,3.9065,3.9065,5337.71,False,False,False,False,IP-Adapter Plus; Canny ControlNet; frozen A2 schedule,1,False,Frozen A2_highres_only path; global reference strength lambda=0.6; seed policy 42/123/777.
B_controlled_sd15,ours_a2_fixed,extv1_urban_building_monet,123,success,external_benchmark/outputs/ours_a2_fixed/track_B/extv1_urban_building_monet/seed_123/output.png,SD1.5,models/ip_adapter_plus/models/ip-adapter-plus_sd15.safetensors+models/sd15+models/controlnet_canny,local_frozen_a2_path,512,an urban building scene with preserved structure,"low quality, blurry, distorted, text, watermark, copied objects",30,5.8,DDIMScheduler,0.6,Canny ControlNet,0,3.8622,3.8622,5337.71,False,False,False,False,IP-Adapter Plus; Canny ControlNet; frozen A2 schedule,1,False,Frozen A2_highres_only path; global reference strength lambda=0.6; seed policy 42/123/777.
B_controlled_sd15,ours_a2_fixed,extv1_urban_building_monet,777,success,external_benchmark/outputs/ours_a2_fixed/track_B/extv1_urban_building_monet/seed_777/output.png,SD1.5,models/ip_adapter_plus/models/ip-adapter-plus_sd15.safetensors+models/sd15+models/controlnet_canny,local_frozen_a2_path,512,an urban building scene with preserved structure,"low quality, blurry, distorted, text, watermark, copied objects",30,5.8,DDIMScheduler,0.6,Canny ControlNet,0,3.8738,3.8738,5337.71,False,False,False,False,IP-Adapter Plus; Canny ControlNet; frozen A2 schedule,1,False,Frozen A2_highres_only path; global reference strength lambda=0.6; seed policy 42/123/777.
B_controlled_sd15,ours_a2_fixed,extv1_urban_building_vangogh,42,success,external_benchmark/outputs/ours_a2_fixed/track_B/extv1_urban_building_vangogh/seed_42/output.png,SD1.5,models/ip_adapter_plus/models/ip-adapter-plus_sd15.safetensors+models/sd15+models/controlnet_canny,local_frozen_a2_path,512,an urban building scene with preserved structure,"low quality, blurry, distorted, text, watermark, copied objects",30,5.8,DDIMScheduler,0.6,Canny ControlNet,0,3.8826,3.8826,5337.71,False,False,False,False,IP-Adapter Plus; Canny ControlNet; frozen A2 schedule,1,False,Frozen A2_highres_only path; global reference strength lambda=0.6; seed policy 42/123/777.
B_controlled_sd15,ours_a2_fixed,extv1_urban_building_vangogh,123,success,external_benchmark/outputs/ours_a2_fixed/track_B/extv1_urban_building_vangogh/seed_123/output.png,SD1.5,models/ip_adapter_plus/models/ip-adapter-plus_sd15.safetensors+models/sd15+models/controlnet_canny,local_frozen_a2_path,512,an urban building scene with preserved structure,"low quality, blurry, distorted, text, watermark, copied objects",30,5.8,DDIMScheduler,0.6,Canny ControlNet,0,3.9053,3.9053,5337.71,False,False,False,False,IP-Adapter Plus; Canny ControlNet; frozen A2 schedule,1,False,Frozen A2_highres_only path; global reference strength lambda=0.6; seed policy 42/123/777.
B_controlled_sd15,ours_a2_fixed,extv1_urban_building_vangogh,777,success,external_benchmark/outputs/ours_a2_fixed/track_B/extv1_urban_building_vangogh/seed_777/output.png,SD1.5,models/ip_adapter_plus/models/ip-adapter-plus_sd15.safetensors+models/sd15+models/controlnet_canny,local_frozen_a2_path,512,an urban building scene with preserved structure,"low quality, blurry, distorted, text, watermark, copied objects",30,5.8,DDIMScheduler,0.6,Canny ControlNet,0,3.8395,3.8395,5337.71,False,False,False,False,IP-Adapter Plus; Canny ControlNet; frozen A2 schedule,1,False,Frozen A2_highres_only path; global reference strength lambda=0.6; seed policy 42/123/777.
B_controlled_sd15,ours_a2_fixed,extv1_urban_building_hokusai,42,success,external_benchmark/outputs/ours_a2_fixed/track_B/extv1_urban_building_hokusai/seed_42/output.png,SD1.5,models/ip_adapter_plus/models/ip-adapter-plus_sd15.safetensors+models/sd15+models/controlnet_canny,local_frozen_a2_path,512,an urban building scene with preserved structure,"low quality, blurry, distorted, text, watermark, copied objects",30,5.8,DDIMScheduler,0.6,Canny ControlNet,0,3.9882,3.9882,5337.71,False,False,False,False,IP-Adapter Plus; Canny ControlNet; frozen A2 schedule,1,False,Frozen A2_highres_only path; global reference strength lambda=0.6; seed policy 42/123/777.
B_controlled_sd15,ours_a2_fixed,extv1_urban_building_hokusai,123,success,external_benchmark/outputs/ours_a2_fixed/track_B/extv1_urban_building_hokusai/seed_123/output.png,SD1.5,models/ip_adapter_plus/models/ip-adapter-plus_sd15.safetensors+models/sd15+models/controlnet_canny,local_frozen_a2_path,512,an urban building scene with preserved structure,"low quality, blurry, distorted, text, watermark, copied objects",30,5.8,DDIMScheduler,0.6,Canny ControlNet,0,3.9841,3.9841,5337.71,False,False,False,False,IP-Adapter Plus; Canny ControlNet; frozen A2 schedule,1,False,Frozen A2_highres_only path; global reference strength lambda=0.6; seed policy 42/123/777.
B_controlled_sd15,ours_a2_fixed,extv1_urban_building_hokusai,777,success,external_benchmark/outputs/ours_a2_fixed/track_B/extv1_urban_building_hokusai/seed_777/output.png,SD1.5,models/ip_adapter_plus/models/ip-adapter-plus_sd15.safetensors+models/sd15+models/controlnet_canny,local_frozen_a2_path,512,an urban building scene with preserved structure,"low quality, blurry, distorted, text, watermark, copied objects",30,5.8,DDIMScheduler,0.6,Canny ControlNet,0,3.9528,3.9528,5337.71,False,False,False,False,IP-Adapter Plus; Canny ControlNet; frozen A2 schedule,1,False,Frozen A2_highres_only path; global reference strength lambda=0.6; seed policy 42/123/777.
B_controlled_sd15,ours_a2_fixed,extv1_urban_building_klimt,42,success,external_benchmark/outputs/ours_a2_fixed/track_B/extv1_urban_building_klimt/seed_42/output.png,SD1.5,models/ip_adapter_plus/models/ip-adapter-plus_sd15.safetensors+models/sd15+models/controlnet_canny,local_frozen_a2_path,512,an urban building scene with preserved structure,"low quality, blurry, distorted, text, watermark, copied objects",30,5.8,DDIMScheduler,0.6,Canny ControlNet,0,4.1495,4.1495,5337.71,False,False,False,False,IP-Adapter Plus; Canny ControlNet; frozen A2 schedule,1,False,Frozen A2_highres_only path; global reference strength lambda=0.6; seed policy 42/123/777.
B_controlled_sd15,ours_a2_fixed,extv1_urban_building_klimt,123,success,external_benchmark/outputs/ours_a2_fixed/track_B/extv1_urban_building_klimt/seed_123/output.png,SD1.5,models/ip_adapter_plus/models/ip-adapter-plus_sd15.safetensors+models/sd15+models/controlnet_canny,local_frozen_a2_path,512,an urban building scene with preserved structure,"low quality, blurry, distorted, text, watermark, copied objects",30,5.8,DDIMScheduler,0.6,Canny ControlNet,0,4.0325,4.0325,5337.71,False,False,False,False,IP-Adapter Plus; Canny ControlNet; frozen A2 schedule,1,False,Frozen A2_highres_only path; global reference strength lambda=0.6; seed policy 42/123/777.
B_controlled_sd15,ours_a2_fixed,extv1_urban_building_klimt,777,success,external_benchmark/outputs/ours_a2_fixed/track_B/extv1_urban_building_klimt/seed_777/output.png,SD1.5,models/ip_adapter_plus/models/ip-adapter-plus_sd15.safetensors+models/sd15+models/controlnet_canny,local_frozen_a2_path,512,an urban building scene with preserved structure,"low quality, blurry, distorted, text, watermark, copied objects",30,5.8,DDIMScheduler,0.6,Canny ControlNet,0,4.0488,4.0488,5337.71,False,False,False,False,IP-Adapter Plus; Canny ControlNet; frozen A2 schedule,1,False,Frozen A2_highres_only path; global reference strength lambda=0.6; seed policy 42/123/777.
B_controlled_sd15,ours_a2_fixed,extv1_flower_bed_monet,42,success,external_benchmark/outputs/ours_a2_fixed/track_B/extv1_flower_bed_monet/seed_42/output.png,SD1.5,models/ip_adapter_plus/models/ip-adapter-plus_sd15.safetensors+models/sd15+models/controlnet_canny,local_frozen_a2_path,512,a flower bed scene with preserved plant arrangement and foreground-background layout,"low quality, blurry, distorted, text, watermark, copied objects",30,5.8,DDIMScheduler,0.6,Canny ControlNet,0,3.8862,3.8862,5337.71,False,False,False,False,IP-Adapter Plus; Canny ControlNet; frozen A2 schedule,1,False,Frozen A2_highres_only path; global reference strength lambda=0.6; seed policy 42/123/777.
B_controlled_sd15,ours_a2_fixed,extv1_flower_bed_monet,123,success,external_benchmark/outputs/ours_a2_fixed/track_B/extv1_flower_bed_monet/seed_123/output.png,SD1.5,models/ip_adapter_plus/models/ip-adapter-plus_sd15.safetensors+models/sd15+models/controlnet_canny,local_frozen_a2_path,512,a flower bed scene with preserved plant arrangement and foreground-background layout,"low quality, blurry, distorted, text, watermark, copied objects",30,5.8,DDIMScheduler,0.6,Canny ControlNet,0,3.8686,3.8686,5337.71,False,False,False,False,IP-Adapter Plus; Canny ControlNet; frozen A2 schedule,1,False,Frozen A2_highres_only path; global reference strength lambda=0.6; seed policy 42/123/777.
B_controlled_sd15,ours_a2_fixed,extv1_flower_bed_monet,777,success,external_benchmark/outputs/ours_a2_fixed/track_B/extv1_flower_bed_monet/seed_777/output.png,SD1.5,models/ip_adapter_plus/models/ip-adapter-plus_sd15.safetensors+models/sd15+models/controlnet_canny,local_frozen_a2_path,512,a flower bed scene with preserved plant arrangement and foreground-background layout,"low quality, blurry, distorted, text, watermark, copied objects",30,5.8,DDIMScheduler,0.6,Canny ControlNet,0,3.8886,3.8886,5337.71,False,False,False,False,IP-Adapter Plus; Canny ControlNet; frozen A2 schedule,1,False,Frozen A2_highres_only path; global reference strength lambda=0.6; seed policy 42/123/777.
B_controlled_sd15,ours_a2_fixed,extv1_flower_bed_vangogh,42,success,external_benchmark/outputs/ours_a2_fixed/track_B/extv1_flower_bed_vangogh/seed_42/output.png,SD1.5,models/ip_adapter_plus/models/ip-adapter-plus_sd15.safetensors+models/sd15+models/controlnet_canny,local_frozen_a2_path,512,a flower bed scene with preserved plant arrangement and foreground-background layout,"low quality, blurry, distorted, text, watermark, copied objects",30,5.8,DDIMScheduler,0.6,Canny ControlNet,0,3.9094,3.9094,5337.71,False,False,False,False,IP-Adapter Plus; Canny ControlNet; frozen A2 schedule,1,False,Frozen A2_highres_only path; global reference strength lambda=0.6; seed policy 42/123/777.
B_controlled_sd15,ours_a2_fixed,extv1_flower_bed_vangogh,123,success,external_benchmark/outputs/ours_a2_fixed/track_B/extv1_flower_bed_vangogh/seed_123/output.png,SD1.5,models/ip_adapter_plus/models/ip-adapter-plus_sd15.safetensors+models/sd15+models/controlnet_canny,local_frozen_a2_path,512,a flower bed scene with preserved plant arrangement and foreground-background layout,"low quality, blurry, distorted, text, watermark, copied objects",30,5.8,DDIMScheduler,0.6,Canny ControlNet,0,3.9135,3.9135,5337.71,False,False,False,False,IP-Adapter Plus; Canny ControlNet; frozen A2 schedule,1,False,Frozen A2_highres_only path; global reference strength lambda=0.6; seed policy 42/123/777.
B_controlled_sd15,ours_a2_fixed,extv1_flower_bed_vangogh,777,success,external_benchmark/outputs/ours_a2_fixed/track_B/extv1_flower_bed_vangogh/seed_777/output.png,SD1.5,models/ip_adapter_plus/models/ip-adapter-plus_sd15.safetensors+models/sd15+models/controlnet_canny,local_frozen_a2_path,512,a flower bed scene with preserved plant arrangement and foreground-background layout,"low quality, blurry, distorted, text, watermark, copied objects",30,5.8,DDIMScheduler,0.6,Canny ControlNet,0,3.9036,3.9036,5337.71,False,False,False,False,IP-Adapter Plus; Canny ControlNet; frozen A2 schedule,1,False,Frozen A2_highres_only path; global reference strength lambda=0.6; seed policy 42/123/777.
B_controlled_sd15,ours_a2_fixed,extv1_flower_bed_hokusai,42,success,external_benchmark/outputs/ours_a2_fixed/track_B/extv1_flower_bed_hokusai/seed_42/output.png,SD1.5,models/ip_adapter_plus/models/ip-adapter-plus_sd15.safetensors+models/sd15+models/controlnet_canny,local_frozen_a2_path,512,a flower bed scene with preserved plant arrangement and foreground-background layout,"low quality, blurry, distorted, text, watermark, copied objects",30,5.8,DDIMScheduler,0.6,Canny ControlNet,0,3.9861,3.9861,5337.71,False,False,False,False,IP-Adapter Plus; Canny ControlNet; frozen A2 schedule,1,False,Frozen A2_highres_only path; global reference strength lambda=0.6; seed policy 42/123/777.
B_controlled_sd15,ours_a2_fixed,extv1_flower_bed_hokusai,123,success,external_benchmark/outputs/ours_a2_fixed/track_B/extv1_flower_bed_hokusai/seed_123/output.png,SD1.5,models/ip_adapter_plus/models/ip-adapter-plus_sd15.safetensors+models/sd15+models/controlnet_canny,local_frozen_a2_path,512,a flower bed scene with preserved plant arrangement and foreground-background layout,"low quality, blurry, distorted, text, watermark, copied objects",30,5.8,DDIMScheduler,0.6,Canny ControlNet,0,3.7719,3.7719,5337.71,False,False,False,False,IP-Adapter Plus; Canny ControlNet; frozen A2 schedule,1,False,Frozen A2_highres_only path; global reference strength lambda=0.6; seed policy 42/123/777.
B_controlled_sd15,ours_a2_fixed,extv1_flower_bed_hokusai,777,success,external_benchmark/outputs/ours_a2_fixed/track_B/extv1_flower_bed_hokusai/seed_777/output.png,SD1.5,models/ip_adapter_plus/models/ip-adapter-plus_sd15.safetensors+models/sd15+models/controlnet_canny,local_frozen_a2_path,512,a flower bed scene with preserved plant arrangement and foreground-background layout,"low quality, blurry, distorted, text, watermark, copied objects",30,5.8,DDIMScheduler,0.6,Canny ControlNet,0,3.6996,3.6996,5337.71,False,False,False,False,IP-Adapter Plus; Canny ControlNet; frozen A2 schedule,1,False,Frozen A2_highres_only path; global reference strength lambda=0.6; seed policy 42/123/777.
B_controlled_sd15,ours_a2_fixed,extv1_flower_bed_klimt,42,success,external_benchmark/outputs/ours_a2_fixed/track_B/extv1_flower_bed_klimt/seed_42/output.png,SD1.5,models/ip_adapter_plus/models/ip-adapter-plus_sd15.safetensors+models/sd15+models/controlnet_canny,local_frozen_a2_path,512,a flower bed scene with preserved plant arrangement and foreground-background layout,"low quality, blurry, distorted, text, watermark, copied objects",30,5.8,DDIMScheduler,0.6,Canny ControlNet,0,3.6186,3.6186,5337.71,False,False,False,False,IP-Adapter Plus; Canny ControlNet; frozen A2 schedule,1,False,Frozen A2_highres_only path; global reference strength lambda=0.6; seed policy 42/123/777.
B_controlled_sd15,ours_a2_fixed,extv1_flower_bed_klimt,123,success,external_benchmark/outputs/ours_a2_fixed/track_B/extv1_flower_bed_klimt/seed_123/output.png,SD1.5,models/ip_adapter_plus/models/ip-adapter-plus_sd15.safetensors+models/sd15+models/controlnet_canny,local_frozen_a2_path,512,a flower bed scene with preserved plant arrangement and foreground-background layout,"low quality, blurry, distorted, text, watermark, copied objects",30,5.8,DDIMScheduler,0.6,Canny ControlNet,0,3.6343,3.6343,5337.71,False,False,False,False,IP-Adapter Plus; Canny ControlNet; frozen A2 schedule,1,False,Frozen A2_highres_only path; global reference strength lambda=0.6; seed policy 42/123/777.
B_controlled_sd15,ours_a2_fixed,extv1_flower_bed_klimt,777,success,external_benchmark/outputs/ours_a2_fixed/track_B/extv1_flower_bed_klimt/seed_777/output.png,SD1.5,models/ip_adapter_plus/models/ip-adapter-plus_sd15.safetensors+models/sd15+models/controlnet_canny,local_frozen_a2_path,512,a flower bed scene with preserved plant arrangement and foreground-background layout,"low quality, blurry, distorted, text, watermark, copied objects",30,5.8,DDIMScheduler,0.6,Canny ControlNet,0,3.625,3.625,5337.71,False,False,False,False,IP-Adapter Plus; Canny ControlNet; frozen A2 schedule,1,False,Frozen A2_highres_only path; global reference strength lambda=0.6; seed policy 42/123/777.
B_controlled_sd15,ours_a2_fixed,extv1_garden_flowers_monet,42,success,external_benchmark/outputs/ours_a2_fixed/track_B/extv1_garden_flowers_monet/seed_42/output.png,SD1.5,models/ip_adapter_plus/models/ip-adapter-plus_sd15.safetensors+models/sd15+models/controlnet_canny,local_frozen_a2_path,512,a garden scene with preserved path,"low quality, blurry, distorted, text, watermark, copied objects",30,5.8,DDIMScheduler,0.6,Canny ControlNet,0,3.5185,3.5185,5337.71,False,False,False,False,IP-Adapter Plus; Canny ControlNet; frozen A2 schedule,1,False,Frozen A2_highres_only path; global reference strength lambda=0.6; seed policy 42/123/777.
B_controlled_sd15,ours_a2_fixed,extv1_garden_flowers_monet,123,success,external_benchmark/outputs/ours_a2_fixed/track_B/extv1_garden_flowers_monet/seed_123/output.png,SD1.5,models/ip_adapter_plus/models/ip-adapter-plus_sd15.safetensors+models/sd15+models/controlnet_canny,local_frozen_a2_path,512,a garden scene with preserved path,"low quality, blurry, distorted, text, watermark, copied objects",30,5.8,DDIMScheduler,0.6,Canny ControlNet,0,3.5035,3.5035,5337.71,False,False,False,False,IP-Adapter Plus; Canny ControlNet; frozen A2 schedule,1,False,Frozen A2_highres_only path; global reference strength lambda=0.6; seed policy 42/123/777.
B_controlled_sd15,ours_a2_fixed,extv1_garden_flowers_monet,777,success,external_benchmark/outputs/ours_a2_fixed/track_B/extv1_garden_flowers_monet/seed_777/output.png,SD1.5,models/ip_adapter_plus/models/ip-adapter-plus_sd15.safetensors+models/sd15+models/controlnet_canny,local_frozen_a2_path,512,a garden scene with preserved path,"low quality, blurry, distorted, text, watermark, copied objects",30,5.8,DDIMScheduler,0.6,Canny ControlNet,0,3.5181,3.5181,5337.71,False,False,False,False,IP-Adapter Plus; Canny ControlNet; frozen A2 schedule,1,False,Frozen A2_highres_only path; global reference strength lambda=0.6; seed policy 42/123/777.
B_controlled_sd15,ours_a2_fixed,extv1_garden_flowers_vangogh,42,success,external_benchmark/outputs/ours_a2_fixed/track_B/extv1_garden_flowers_vangogh/seed_42/output.png,SD1.5,models/ip_adapter_plus/models/ip-adapter-plus_sd15.safetensors+models/sd15+models/controlnet_canny,local_frozen_a2_path,512,a garden scene with preserved path,"low quality, blurry, distorted, text, watermark, copied objects",30,5.8,DDIMScheduler,0.6,Canny ControlNet,0,3.5268,3.5268,5337.71,False,False,False,False,IP-Adapter Plus; Canny ControlNet; frozen A2 schedule,1,False,Frozen A2_highres_only path; global reference strength lambda=0.6; seed policy 42/123/777.
B_controlled_sd15,ours_a2_fixed,extv1_garden_flowers_vangogh,123,success,external_benchmark/outputs/ours_a2_fixed/track_B/extv1_garden_flowers_vangogh/seed_123/output.png,SD1.5,models/ip_adapter_plus/models/ip-adapter-plus_sd15.safetensors+models/sd15+models/controlnet_canny,local_frozen_a2_path,512,a garden scene with preserved path,"low quality, blurry, distorted, text, watermark, copied objects",30,5.8,DDIMScheduler,0.6,Canny ControlNet,0,3.5337,3.5337,5337.71,False,False,False,False,IP-Adapter Plus; Canny ControlNet; frozen A2 schedule,1,False,Frozen A2_highres_only path; global reference strength lambda=0.6; seed policy 42/123/777.
B_controlled_sd15,ours_a2_fixed,extv1_garden_flowers_vangogh,777,success,external_benchmark/outputs/ours_a2_fixed/track_B/extv1_garden_flowers_vangogh/seed_777/output.png,SD1.5,models/ip_adapter_plus/models/ip-adapter-plus_sd15.safetensors+models/sd15+models/controlnet_canny,local_frozen_a2_path,512,a garden scene with preserved path,"low quality, blurry, distorted, text, watermark, copied objects",30,5.8,DDIMScheduler,0.6,Canny ControlNet,0,3.5249,3.5249,5337.71,False,False,False,False,IP-Adapter Plus; Canny ControlNet; frozen A2 schedule,1,False,Frozen A2_highres_only path; global reference strength lambda=0.6; seed policy 42/123/777.
B_controlled_sd15,ours_a2_fixed,extv1_garden_flowers_hokusai,42,success,external_benchmark/outputs/ours_a2_fixed/track_B/extv1_garden_flowers_hokusai/seed_42/output.png,SD1.5,models/ip_adapter_plus/models/ip-adapter-plus_sd15.safetensors+models/sd15+models/controlnet_canny,local_frozen_a2_path,512,a garden scene with preserved path,"low quality, blurry, distorted, text, watermark, copied objects",30,5.8,DDIMScheduler,0.6,Canny ControlNet,0,3.5714,3.5714,5337.71,False,False,False,False,IP-Adapter Plus; Canny ControlNet; frozen A2 schedule,1,False,Frozen A2_highres_only path; global reference strength lambda=0.6; seed policy 42/123/777.
B_controlled_sd15,ours_a2_fixed,extv1_garden_flowers_hokusai,123,success,external_benchmark/outputs/ours_a2_fixed/track_B/extv1_garden_flowers_hokusai/seed_123/output.png,SD1.5,models/ip_adapter_plus/models/ip-adapter-plus_sd15.safetensors+models/sd15+models/controlnet_canny,local_frozen_a2_path,512,a garden scene with preserved path,"low quality, blurry, distorted, text, watermark, copied objects",30,5.8,DDIMScheduler,0.6,Canny ControlNet,0,3.8899,3.8899,5337.71,False,False,False,False,IP-Adapter Plus; Canny ControlNet; frozen A2 schedule,1,False,Frozen A2_highres_only path; global reference strength lambda=0.6; seed policy 42/123/777.
B_controlled_sd15,ours_a2_fixed,extv1_garden_flowers_hokusai,777,success,external_benchmark/outputs/ours_a2_fixed/track_B/extv1_garden_flowers_hokusai/seed_777/output.png,SD1.5,models/ip_adapter_plus/models/ip-adapter-plus_sd15.safetensors+models/sd15+models/controlnet_canny,local_frozen_a2_path,512,a garden scene with preserved path,"low quality, blurry, distorted, text, watermark, copied objects",30,5.8,DDIMScheduler,0.6,Canny ControlNet,0,3.9077,3.9077,5337.71,False,False,False,False,IP-Adapter Plus; Canny ControlNet; frozen A2 schedule,1,False,Frozen A2_highres_only path; global reference strength lambda=0.6; seed policy 42/123/777.
B_controlled_sd15,ours_a2_fixed,extv1_garden_flowers_klimt,42,success,external_benchmark/outputs/ours_a2_fixed/track_B/extv1_garden_flowers_klimt/seed_42/output.png,SD1.5,models/ip_adapter_plus/models/ip-adapter-plus_sd15.safetensors+models/sd15+models/controlnet_canny,local_frozen_a2_path,512,a garden scene with preserved path,"low quality, blurry, distorted, text, watermark, copied objects",30,5.8,DDIMScheduler,0.6,Canny ControlNet,0,3.8419,3.8419,5337.71,False,False,False,False,IP-Adapter Plus; Canny ControlNet; frozen A2 schedule,1,False,Frozen A2_highres_only path; global reference strength lambda=0.6; seed policy 42/123/777.
B_controlled_sd15,ours_a2_fixed,extv1_garden_flowers_klimt,123,success,external_benchmark/outputs/ours_a2_fixed/track_B/extv1_garden_flowers_klimt/seed_123/output.png,SD1.5,models/ip_adapter_plus/models/ip-adapter-plus_sd15.safetensors+models/sd15+models/controlnet_canny,local_frozen_a2_path,512,a garden scene with preserved path,"low quality, blurry, distorted, text, watermark, copied objects",30,5.8,DDIMScheduler,0.6,Canny ControlNet,0,3.917,3.917,5337.71,False,False,False,False,IP-Adapter Plus; Canny ControlNet; frozen A2 schedule,1,False,Frozen A2_highres_only path; global reference strength lambda=0.6; seed policy 42/123/777.
B_controlled_sd15,ours_a2_fixed,extv1_garden_flowers_klimt,777,success,external_benchmark/outputs/ours_a2_fixed/track_B/extv1_garden_flowers_klimt/seed_777/output.png,SD1.5,models/ip_adapter_plus/models/ip-adapter-plus_sd15.safetensors+models/sd15+models/controlnet_canny,local_frozen_a2_path,512,a garden scene with preserved path,"low quality, blurry, distorted, text, watermark, copied objects",30,5.8,DDIMScheduler,0.6,Canny ControlNet,0,3.9228,3.9228,5337.71,False,False,False,False,IP-Adapter Plus; Canny ControlNet; frozen A2 schedule,1,False,Frozen A2_highres_only path; global reference strength lambda=0.6; seed policy 42/123/777.
B_controlled_sd15,ours_a2_fixed,extv1_mountain_lake_monet,42,success,external_benchmark/outputs/ours_a2_fixed/track_B/extv1_mountain_lake_monet/seed_42/output.png,SD1.5,models/ip_adapter_plus/models/ip-adapter-plus_sd15.safetensors+models/sd15+models/controlnet_canny,local_frozen_a2_path,512,a mountain lake landscape with preserved horizon,"low quality, blurry, distorted, text, watermark, copied objects",30,5.8,DDIMScheduler,0.6,Canny ControlNet,0,3.7499,3.7499,5337.71,False,False,False,False,IP-Adapter Plus; Canny ControlNet; frozen A2 schedule,1,False,Frozen A2_highres_only path; global reference strength lambda=0.6; seed policy 42/123/777.
B_controlled_sd15,ours_a2_fixed,extv1_mountain_lake_monet,123,success,external_benchmark/outputs/ours_a2_fixed/track_B/extv1_mountain_lake_monet/seed_123/output.png,SD1.5,models/ip_adapter_plus/models/ip-adapter-plus_sd15.safetensors+models/sd15+models/controlnet_canny,local_frozen_a2_path,512,a mountain lake landscape with preserved horizon,"low quality, blurry, distorted, text, watermark, copied objects",30,5.8,DDIMScheduler,0.6,Canny ControlNet,0,3.7411,3.7411,5337.71,False,False,False,False,IP-Adapter Plus; Canny ControlNet; frozen A2 schedule,1,False,Frozen A2_highres_only path; global reference strength lambda=0.6; seed policy 42/123/777.
B_controlled_sd15,ours_a2_fixed,extv1_mountain_lake_monet,777,success,external_benchmark/outputs/ours_a2_fixed/track_B/extv1_mountain_lake_monet/seed_777/output.png,SD1.5,models/ip_adapter_plus/models/ip-adapter-plus_sd15.safetensors+models/sd15+models/controlnet_canny,local_frozen_a2_path,512,a mountain lake landscape with preserved horizon,"low quality, blurry, distorted, text, watermark, copied objects",30,5.8,DDIMScheduler,0.6,Canny ControlNet,0,3.5665,3.5665,5337.71,False,False,False,False,IP-Adapter Plus; Canny ControlNet; frozen A2 schedule,1,False,Frozen A2_highres_only path; global reference strength lambda=0.6; seed policy 42/123/777.
B_controlled_sd15,ours_a2_fixed,extv1_mountain_lake_vangogh,42,success,external_benchmark/outputs/ours_a2_fixed/track_B/extv1_mountain_lake_vangogh/seed_42/output.png,SD1.5,models/ip_adapter_plus/models/ip-adapter-plus_sd15.safetensors+models/sd15+models/controlnet_canny,local_frozen_a2_path,512,a mountain lake landscape with preserved horizon,"low quality, blurry, distorted, text, watermark, copied objects",30,5.8,DDIMScheduler,0.6,Canny ControlNet,0,3.5645,3.5645,5337.71,False,False,False,False,IP-Adapter Plus; Canny ControlNet; frozen A2 schedule,1,False,Frozen A2_highres_only path; global reference strength lambda=0.6; seed policy 42/123/777.
B_controlled_sd15,ours_a2_fixed,extv1_mountain_lake_vangogh,123,success,external_benchmark/outputs/ours_a2_fixed/track_B/extv1_mountain_lake_vangogh/seed_123/output.png,SD1.5,models/ip_adapter_plus/models/ip-adapter-plus_sd15.safetensors+models/sd15+models/controlnet_canny,local_frozen_a2_path,512,a mountain lake landscape with preserved horizon,"low quality, blurry, distorted, text, watermark, copied objects",30,5.8,DDIMScheduler,0.6,Canny ControlNet,0,3.5862,3.5862,5337.71,False,False,False,False,IP-Adapter Plus; Canny ControlNet; frozen A2 schedule,1,False,Frozen A2_highres_only path; global reference strength lambda=0.6; seed policy 42/123/777.
B_controlled_sd15,ours_a2_fixed,extv1_mountain_lake_vangogh,777,success,external_benchmark/outputs/ours_a2_fixed/track_B/extv1_mountain_lake_vangogh/seed_777/output.png,SD1.5,models/ip_adapter_plus/models/ip-adapter-plus_sd15.safetensors+models/sd15+models/controlnet_canny,local_frozen_a2_path,512,a mountain lake landscape with preserved horizon,"low quality, blurry, distorted, text, watermark, copied objects",30,5.8,DDIMScheduler,0.6,Canny ControlNet,0,3.6435,3.6435,5337.71,False,False,False,False,IP-Adapter Plus; Canny ControlNet; frozen A2 schedule,1,False,Frozen A2_highres_only path; global reference strength lambda=0.6; seed policy 42/123/777.
B_controlled_sd15,ours_a2_fixed,extv1_mountain_lake_hokusai,42,success,external_benchmark/outputs/ours_a2_fixed/track_B/extv1_mountain_lake_hokusai/seed_42/output.png,SD1.5,models/ip_adapter_plus/models/ip-adapter-plus_sd15.safetensors+models/sd15+models/controlnet_canny,local_frozen_a2_path,512,a mountain lake landscape with preserved horizon,"low quality, blurry, distorted, text, watermark, copied objects",30,5.8,DDIMScheduler,0.6,Canny ControlNet,0,3.638,3.638,5337.71,False,False,False,False,IP-Adapter Plus; Canny ControlNet; frozen A2 schedule,1,False,Frozen A2_highres_only path; global reference strength lambda=0.6; seed policy 42/123/777.
B_controlled_sd15,ours_a2_fixed,extv1_mountain_lake_hokusai,123,success,external_benchmark/outputs/ours_a2_fixed/track_B/extv1_mountain_lake_hokusai/seed_123/output.png,SD1.5,models/ip_adapter_plus/models/ip-adapter-plus_sd15.safetensors+models/sd15+models/controlnet_canny,local_frozen_a2_path,512,a mountain lake landscape with preserved horizon,"low quality, blurry, distorted, text, watermark, copied objects",30,5.8,DDIMScheduler,0.6,Canny ControlNet,0,3.6026,3.6026,5337.71,False,False,False,False,IP-Adapter Plus; Canny ControlNet; frozen A2 schedule,1,False,Frozen A2_highres_only path; global reference strength lambda=0.6; seed policy 42/123/777.
B_controlled_sd15,ours_a2_fixed,extv1_mountain_lake_hokusai,777,success,external_benchmark/outputs/ours_a2_fixed/track_B/extv1_mountain_lake_hokusai/seed_777/output.png,SD1.5,models/ip_adapter_plus/models/ip-adapter-plus_sd15.safetensors+models/sd15+models/controlnet_canny,local_frozen_a2_path,512,a mountain lake landscape with preserved horizon,"low quality, blurry, distorted, text, watermark, copied objects",30,5.8,DDIMScheduler,0.6,Canny ControlNet,0,3.618,3.618,5337.71,False,False,False,False,IP-Adapter Plus; Canny ControlNet; frozen A2 schedule,1,False,Frozen A2_highres_only path; global reference strength lambda=0.6; seed policy 42/123/777.
B_controlled_sd15,ours_a2_fixed,extv1_mountain_lake_klimt,42,success,external_benchmark/outputs/ours_a2_fixed/track_B/extv1_mountain_lake_klimt/seed_42/output.png,SD1.5,models/ip_adapter_plus/models/ip-adapter-plus_sd15.safetensors+models/sd15+models/controlnet_canny,local_frozen_a2_path,512,a mountain lake landscape with preserved horizon,"low quality, blurry, distorted, text, watermark, copied objects",30,5.8,DDIMScheduler,0.6,Canny ControlNet,0,3.7041,3.7041,5337.71,False,False,False,False,IP-Adapter Plus; Canny ControlNet; frozen A2 schedule,1,False,Frozen A2_highres_only path; global reference strength lambda=0.6; seed policy 42/123/777.
B_controlled_sd15,ours_a2_fixed,extv1_mountain_lake_klimt,123,success,external_benchmark/outputs/ours_a2_fixed/track_B/extv1_mountain_lake_klimt/seed_123/output.png,SD1.5,models/ip_adapter_plus/models/ip-adapter-plus_sd15.safetensors+models/sd15+models/controlnet_canny,local_frozen_a2_path,512,a mountain lake landscape with preserved horizon,"low quality, blurry, distorted, text, watermark, copied objects",30,5.8,DDIMScheduler,0.6,Canny ControlNet,0,3.6999,3.6999,5337.71,False,False,False,False,IP-Adapter Plus; Canny ControlNet; frozen A2 schedule,1,False,Frozen A2_highres_only path; global reference strength lambda=0.6; seed policy 42/123/777.
B_controlled_sd15,ours_a2_fixed,extv1_mountain_lake_klimt,777,success,external_benchmark/outputs/ours_a2_fixed/track_B/extv1_mountain_lake_klimt/seed_777/output.png,SD1.5,models/ip_adapter_plus/models/ip-adapter-plus_sd15.safetensors+models/sd15+models/controlnet_canny,local_frozen_a2_path,512,a mountain lake landscape with preserved horizon,"low quality, blurry, distorted, text, watermark, copied objects",30,5.8,DDIMScheduler,0.6,Canny ControlNet,0,3.7143,3.7143,5337.71,False,False,False,False,IP-Adapter Plus; Canny ControlNet; frozen A2 schedule,1,False,Frozen A2_highres_only path; global reference strength lambda=0.6; seed policy 42/123/777.
B_controlled_sd15,ours_a2_fixed,extv1_night_valley_monet,42,success,external_benchmark/outputs/ours_a2_fixed/track_B/extv1_night_valley_monet/seed_42/output.png,SD1.5,models/ip_adapter_plus/models/ip-adapter-plus_sd15.safetensors+models/sd15+models/controlnet_canny,local_frozen_a2_path,512,a night sky and town in a valley with preserved skyline,"low quality, blurry, distorted, text, watermark, copied objects",30,5.8,DDIMScheduler,0.6,Canny ControlNet,0,3.4648,3.4648,5337.71,False,False,False,False,IP-Adapter Plus; Canny ControlNet; frozen A2 schedule,1,False,Frozen A2_highres_only path; global reference strength lambda=0.6; seed policy 42/123/777.
B_controlled_sd15,ours_a2_fixed,extv1_night_valley_monet,123,success,external_benchmark/outputs/ours_a2_fixed/track_B/extv1_night_valley_monet/seed_123/output.png,SD1.5,models/ip_adapter_plus/models/ip-adapter-plus_sd15.safetensors+models/sd15+models/controlnet_canny,local_frozen_a2_path,512,a night sky and town in a valley with preserved skyline,"low quality, blurry, distorted, text, watermark, copied objects",30,5.8,DDIMScheduler,0.6,Canny ControlNet,0,3.4592,3.4592,5337.71,False,False,False,False,IP-Adapter Plus; Canny ControlNet; frozen A2 schedule,1,False,Frozen A2_highres_only path; global reference strength lambda=0.6; seed policy 42/123/777.
B_controlled_sd15,ours_a2_fixed,extv1_night_valley_monet,777,success,external_benchmark/outputs/ours_a2_fixed/track_B/extv1_night_valley_monet/seed_777/output.png,SD1.5,models/ip_adapter_plus/models/ip-adapter-plus_sd15.safetensors+models/sd15+models/controlnet_canny,local_frozen_a2_path,512,a night sky and town in a valley with preserved skyline,"low quality, blurry, distorted, text, watermark, copied objects",30,5.8,DDIMScheduler,0.6,Canny ControlNet,0,3.4692,3.4692,5337.71,False,False,False,False,IP-Adapter Plus; Canny ControlNet; frozen A2 schedule,1,False,Frozen A2_highres_only path; global reference strength lambda=0.6; seed policy 42/123/777.
B_controlled_sd15,ours_a2_fixed,extv1_night_valley_vangogh,42,success,external_benchmark/outputs/ours_a2_fixed/track_B/extv1_night_valley_vangogh/seed_42/output.png,SD1.5,models/ip_adapter_plus/models/ip-adapter-plus_sd15.safetensors+models/sd15+models/controlnet_canny,local_frozen_a2_path,512,a night sky and town in a valley with preserved skyline,"low quality, blurry, distorted, text, watermark, copied objects",30,5.8,DDIMScheduler,0.6,Canny ControlNet,0,3.4425,3.4425,5337.71,False,False,False,False,IP-Adapter Plus; Canny ControlNet; frozen A2 schedule,1,False,Frozen A2_highres_only path; global reference strength lambda=0.6; seed policy 42/123/777.
B_controlled_sd15,ours_a2_fixed,extv1_night_valley_vangogh,123,success,external_benchmark/outputs/ours_a2_fixed/track_B/extv1_night_valley_vangogh/seed_123/output.png,SD1.5,models/ip_adapter_plus/models/ip-adapter-plus_sd15.safetensors+models/sd15+models/controlnet_canny,local_frozen_a2_path,512,a night sky and town in a valley with preserved skyline,"low quality, blurry, distorted, text, watermark, copied objects",30,5.8,DDIMScheduler,0.6,Canny ControlNet,0,3.4437,3.4437,5337.71,False,False,False,False,IP-Adapter Plus; Canny ControlNet; frozen A2 schedule,1,False,Frozen A2_highres_only path; global reference strength lambda=0.6; seed policy 42/123/777.
B_controlled_sd15,ours_a2_fixed,extv1_night_valley_vangogh,777,success,external_benchmark/outputs/ours_a2_fixed/track_B/extv1_night_valley_vangogh/seed_777/output.png,SD1.5,models/ip_adapter_plus/models/ip-adapter-plus_sd15.safetensors+models/sd15+models/controlnet_canny,local_frozen_a2_path,512,a night sky and town in a valley with preserved skyline,"low quality, blurry, distorted, text, watermark, copied objects",30,5.8,DDIMScheduler,0.6,Canny ControlNet,0,3.4316,3.4316,5337.71,False,False,False,False,IP-Adapter Plus; Canny ControlNet; frozen A2 schedule,1,False,Frozen A2_highres_only path; global reference strength lambda=0.6; seed policy 42/123/777.
B_controlled_sd15,ours_a2_fixed,extv1_night_valley_hokusai,42,success,external_benchmark/outputs/ours_a2_fixed/track_B/extv1_night_valley_hokusai/seed_42/output.png,SD1.5,models/ip_adapter_plus/models/ip-adapter-plus_sd15.safetensors+models/sd15+models/controlnet_canny,local_frozen_a2_path,512,a night sky and town in a valley with preserved skyline,"low quality, blurry, distorted, text, watermark, copied objects",30,5.8,DDIMScheduler,0.6,Canny ControlNet,0,3.5064,3.5064,5337.71,False,False,False,False,IP-Adapter Plus; Canny ControlNet; frozen A2 schedule,1,False,Frozen A2_highres_only path; global reference strength lambda=0.6; seed policy 42/123/777.
B_controlled_sd15,ours_a2_fixed,extv1_night_valley_hokusai,123,success,external_benchmark/outputs/ours_a2_fixed/track_B/extv1_night_valley_hokusai/seed_123/output.png,SD1.5,models/ip_adapter_plus/models/ip-adapter-plus_sd15.safetensors+models/sd15+models/controlnet_canny,local_frozen_a2_path,512,a night sky and town in a valley with preserved skyline,"low quality, blurry, distorted, text, watermark, copied objects",30,5.8,DDIMScheduler,0.6,Canny ControlNet,0,3.513,3.513,5337.71,False,False,False,False,IP-Adapter Plus; Canny ControlNet; frozen A2 schedule,1,False,Frozen A2_highres_only path; global reference strength lambda=0.6; seed policy 42/123/777.
B_controlled_sd15,ours_a2_fixed,extv1_night_valley_hokusai,777,success,external_benchmark/outputs/ours_a2_fixed/track_B/extv1_night_valley_hokusai/seed_777/output.png,SD1.5,models/ip_adapter_plus/models/ip-adapter-plus_sd15.safetensors+models/sd15+models/controlnet_canny,local_frozen_a2_path,512,a night sky and town in a valley with preserved skyline,"low quality, blurry, distorted, text, watermark, copied objects",30,5.8,DDIMScheduler,0.6,Canny ControlNet,0,3.5052,3.5052,5337.71,False,False,False,False,IP-Adapter Plus; Canny ControlNet; frozen A2 schedule,1,False,Frozen A2_highres_only path; global reference strength lambda=0.6; seed policy 42/123/777.
B_controlled_sd15,ours_a2_fixed,extv1_night_valley_klimt,42,success,external_benchmark/outputs/ours_a2_fixed/track_B/extv1_night_valley_klimt/seed_42/output.png,SD1.5,models/ip_adapter_plus/models/ip-adapter-plus_sd15.safetensors+models/sd15+models/controlnet_canny,local_frozen_a2_path,512,a night sky and town in a valley with preserved skyline,"low quality, blurry, distorted, text, watermark, copied objects",30,5.8,DDIMScheduler,0.6,Canny ControlNet,0,3.6381,3.6381,5337.71,False,False,False,False,IP-Adapter Plus; Canny ControlNet; frozen A2 schedule,1,False,Frozen A2_highres_only path; global reference strength lambda=0.6; seed policy 42/123/777.
B_controlled_sd15,ours_a2_fixed,extv1_night_valley_klimt,123,success,external_benchmark/outputs/ours_a2_fixed/track_B/extv1_night_valley_klimt/seed_123/output.png,SD1.5,models/ip_adapter_plus/models/ip-adapter-plus_sd15.safetensors+models/sd15+models/controlnet_canny,local_frozen_a2_path,512,a night sky and town in a valley with preserved skyline,"low quality, blurry, distorted, text, watermark, copied objects",30,5.8,DDIMScheduler,0.6,Canny ControlNet,0,3.6323,3.6323,5337.71,False,False,False,False,IP-Adapter Plus; Canny ControlNet; frozen A2 schedule,1,False,Frozen A2_highres_only path; global reference strength lambda=0.6; seed policy 42/123/777.
B_controlled_sd15,ours_a2_fixed,extv1_night_valley_klimt,777,success,external_benchmark/outputs/ours_a2_fixed/track_B/extv1_night_valley_klimt/seed_777/output.png,SD1.5,models/ip_adapter_plus/models/ip-adapter-plus_sd15.safetensors+models/sd15+models/controlnet_canny,local_frozen_a2_path,512,a night sky and town in a valley with preserved skyline,"low quality, blurry, distorted, text, watermark, copied objects",30,5.8,DDIMScheduler,0.6,Canny ControlNet,0,3.6294,3.6294,5337.71,False,False,False,False,IP-Adapter Plus; Canny ControlNet; frozen A2 schedule,1,False,Frozen A2_highres_only path; global reference strength lambda=0.6; seed policy 42/123/777.
A_native_quality,stylegallery,extv1_architecture_basilica_monet,42,success,external_benchmark/outputs/stylegallery/track_A/extv1_architecture_basilica_monet/seed_42/result_lcm.png,SD1.5 official accelerated LCM route,external_benchmark/vendor/stylegallery/pretrained_models/runwayml_stable-diffusion-v1-5+facebook/dinov2-base+dpv2/ckpts/depth_anything_v2_vitl.pth+lcm-lora-sd1.5,95f1b125158d9c5ef4f6ba5e9f17bcb11820d6dc,512,an architectural basilica scene with preserved facade layout and spatial composition,,28,,LCMScheduler,,semantic regional matching + Depth Anything V2,0,34.8086,34.8086,,True,True,False,False,DINOv2-base; Depth Anything V2 ViT-L; LCM LoRA,1,False,Frozen optional StyleGallery Track A route; official demo_accelerate defaults; seed policy 42/123/777.
A_native_quality,stylegallery,extv1_architecture_basilica_monet,123,success,external_benchmark/outputs/stylegallery/track_A/extv1_architecture_basilica_monet/seed_123/result_lcm.png,SD1.5 official accelerated LCM route,external_benchmark/vendor/stylegallery/pretrained_models/runwayml_stable-diffusion-v1-5+facebook/dinov2-base+dpv2/ckpts/depth_anything_v2_vitl.pth+lcm-lora-sd1.5,95f1b125158d9c5ef4f6ba5e9f17bcb11820d6dc,512,an architectural basilica scene with preserved facade layout and spatial composition,,28,,LCMScheduler,,semantic regional matching + Depth Anything V2,0,33.2631,33.2631,,True,True,False,False,DINOv2-base; Depth Anything V2 ViT-L; LCM LoRA,1,False,Frozen optional StyleGallery Track A route; official demo_accelerate defaults; seed policy 42/123/777.
A_native_quality,stylegallery,extv1_architecture_basilica_monet,777,success,external_benchmark/outputs/stylegallery/track_A/extv1_architecture_basilica_monet/seed_777/result_lcm.png,SD1.5 official accelerated LCM route,external_benchmark/vendor/stylegallery/pretrained_models/runwayml_stable-diffusion-v1-5+facebook/dinov2-base+dpv2/ckpts/depth_anything_v2_vitl.pth+lcm-lora-sd1.5,95f1b125158d9c5ef4f6ba5e9f17bcb11820d6dc,512,an architectural basilica scene with preserved facade layout and spatial composition,,28,,LCMScheduler,,semantic regional matching + Depth Anything V2,0,32.6284,32.6284,,True,True,False,False,DINOv2-base; Depth Anything V2 ViT-L; LCM LoRA,1,False,Frozen optional StyleGallery Track A route; official demo_accelerate defaults; seed policy 42/123/777.
A_native_quality,stylegallery,extv1_architecture_basilica_vangogh,42,success,external_benchmark/outputs/stylegallery/track_A/extv1_architecture_basilica_vangogh/seed_42/result_lcm.png,SD1.5 official accelerated LCM route,external_benchmark/vendor/stylegallery/pretrained_models/runwayml_stable-diffusion-v1-5+facebook/dinov2-base+dpv2/ckpts/depth_anything_v2_vitl.pth+lcm-lora-sd1.5,95f1b125158d9c5ef4f6ba5e9f17bcb11820d6dc,512,an architectural basilica scene with preserved facade layout and spatial composition,,28,,LCMScheduler,,semantic regional matching + Depth Anything V2,0,48.7058,48.7058,,True,True,False,False,DINOv2-base; Depth Anything V2 ViT-L; LCM LoRA,1,False,Frozen optional StyleGallery Track A route; official demo_accelerate defaults; seed policy 42/123/777.
A_native_quality,stylegallery,extv1_architecture_basilica_vangogh,123,success,external_benchmark/outputs/stylegallery/track_A/extv1_architecture_basilica_vangogh/seed_123/result_lcm.png,SD1.5 official accelerated LCM route,external_benchmark/vendor/stylegallery/pretrained_models/runwayml_stable-diffusion-v1-5+facebook/dinov2-base+dpv2/ckpts/depth_anything_v2_vitl.pth+lcm-lora-sd1.5,95f1b125158d9c5ef4f6ba5e9f17bcb11820d6dc,512,an architectural basilica scene with preserved facade layout and spatial composition,,28,,LCMScheduler,,semantic regional matching + Depth Anything V2,0,34.3048,34.3048,,True,True,False,False,DINOv2-base; Depth Anything V2 ViT-L; LCM LoRA,1,False,Frozen optional StyleGallery Track A route; official demo_accelerate defaults; seed policy 42/123/777.
A_native_quality,stylegallery,extv1_architecture_basilica_vangogh,777,success,external_benchmark/outputs/stylegallery/track_A/extv1_architecture_basilica_vangogh/seed_777/result_lcm.png,SD1.5 official accelerated LCM route,external_benchmark/vendor/stylegallery/pretrained_models/runwayml_stable-diffusion-v1-5+facebook/dinov2-base+dpv2/ckpts/depth_anything_v2_vitl.pth+lcm-lora-sd1.5,95f1b125158d9c5ef4f6ba5e9f17bcb11820d6dc,512,an architectural basilica scene with preserved facade layout and spatial composition,,28,,LCMScheduler,,semantic regional matching + Depth Anything V2,0,33.6592,33.6592,,True,True,False,False,DINOv2-base; Depth Anything V2 ViT-L; LCM LoRA,1,False,Frozen optional StyleGallery Track A route; official demo_accelerate defaults; seed policy 42/123/777.
A_native_quality,stylegallery,extv1_architecture_basilica_hokusai,42,success,external_benchmark/outputs/stylegallery/track_A/extv1_architecture_basilica_hokusai/seed_42/result_lcm.png,SD1.5 official accelerated LCM route,external_benchmark/vendor/stylegallery/pretrained_models/runwayml_stable-diffusion-v1-5+facebook/dinov2-base+dpv2/ckpts/depth_anything_v2_vitl.pth+lcm-lora-sd1.5,95f1b125158d9c5ef4f6ba5e9f17bcb11820d6dc,512,an architectural basilica scene with preserved facade layout and spatial composition,,28,,LCMScheduler,,semantic regional matching + Depth Anything V2,0,51.0938,51.0938,,True,True,False,False,DINOv2-base; Depth Anything V2 ViT-L; LCM LoRA,1,False,Frozen optional StyleGallery Track A route; official demo_accelerate defaults; seed policy 42/123/777.
A_native_quality,stylegallery,extv1_architecture_basilica_hokusai,123,success,external_benchmark/outputs/stylegallery/track_A/extv1_architecture_basilica_hokusai/seed_123/result_lcm.png,SD1.5 official accelerated LCM route,external_benchmark/vendor/stylegallery/pretrained_models/runwayml_stable-diffusion-v1-5+facebook/dinov2-base+dpv2/ckpts/depth_anything_v2_vitl.pth+lcm-lora-sd1.5,95f1b125158d9c5ef4f6ba5e9f17bcb11820d6dc,512,an architectural basilica scene with preserved facade layout and spatial composition,,28,,LCMScheduler,,semantic regional matching + Depth Anything V2,0,35.4223,35.4223,,True,True,False,False,DINOv2-base; Depth Anything V2 ViT-L; LCM LoRA,1,False,Frozen optional StyleGallery Track A route; official demo_accelerate defaults; seed policy 42/123/777.
A_native_quality,stylegallery,extv1_architecture_basilica_hokusai,777,success,external_benchmark/outputs/stylegallery/track_A/extv1_architecture_basilica_hokusai/seed_777/result_lcm.png,SD1.5 official accelerated LCM route,external_benchmark/vendor/stylegallery/pretrained_models/runwayml_stable-diffusion-v1-5+facebook/dinov2-base+dpv2/ckpts/depth_anything_v2_vitl.pth+lcm-lora-sd1.5,95f1b125158d9c5ef4f6ba5e9f17bcb11820d6dc,512,an architectural basilica scene with preserved facade layout and spatial composition,,28,,LCMScheduler,,semantic regional matching + Depth Anything V2,0,36.0004,36.0004,,True,True,False,False,DINOv2-base; Depth Anything V2 ViT-L; LCM LoRA,1,False,Frozen optional StyleGallery Track A route; official demo_accelerate defaults; seed policy 42/123/777.
A_native_quality,stylegallery,extv1_architecture_basilica_klimt,42,success,external_benchmark/outputs/stylegallery/track_A/extv1_architecture_basilica_klimt/seed_42/result_lcm.png,SD1.5 official accelerated LCM route,external_benchmark/vendor/stylegallery/pretrained_models/runwayml_stable-diffusion-v1-5+facebook/dinov2-base+dpv2/ckpts/depth_anything_v2_vitl.pth+lcm-lora-sd1.5,95f1b125158d9c5ef4f6ba5e9f17bcb11820d6dc,512,an architectural basilica scene with preserved facade layout and spatial composition,,28,,LCMScheduler,,semantic regional matching + Depth Anything V2,0,49.9475,49.9475,,True,True,False,False,DINOv2-base; Depth Anything V2 ViT-L; LCM LoRA,1,False,Frozen optional StyleGallery Track A route; official demo_accelerate defaults; seed policy 42/123/777.
A_native_quality,stylegallery,extv1_architecture_basilica_klimt,123,success,external_benchmark/outputs/stylegallery/track_A/extv1_architecture_basilica_klimt/seed_123/result_lcm.png,SD1.5 official accelerated LCM route,external_benchmark/vendor/stylegallery/pretrained_models/runwayml_stable-diffusion-v1-5+facebook/dinov2-base+dpv2/ckpts/depth_anything_v2_vitl.pth+lcm-lora-sd1.5,95f1b125158d9c5ef4f6ba5e9f17bcb11820d6dc,512,an architectural basilica scene with preserved facade layout and spatial composition,,28,,LCMScheduler,,semantic regional matching + Depth Anything V2,0,36.6389,36.6389,,True,True,False,False,DINOv2-base; Depth Anything V2 ViT-L; LCM LoRA,1,False,Frozen optional StyleGallery Track A route; official demo_accelerate defaults; seed policy 42/123/777.
A_native_quality,stylegallery,extv1_architecture_basilica_klimt,777,success,external_benchmark/outputs/stylegallery/track_A/extv1_architecture_basilica_klimt/seed_777/result_lcm.png,SD1.5 official accelerated LCM route,external_benchmark/vendor/stylegallery/pretrained_models/runwayml_stable-diffusion-v1-5+facebook/dinov2-base+dpv2/ckpts/depth_anything_v2_vitl.pth+lcm-lora-sd1.5,95f1b125158d9c5ef4f6ba5e9f17bcb11820d6dc,512,an architectural basilica scene with preserved facade layout and spatial composition,,28,,LCMScheduler,,semantic regional matching + Depth Anything V2,0,36.1382,36.1382,,True,True,False,False,DINOv2-base; Depth Anything V2 ViT-L; LCM LoRA,1,False,Frozen optional StyleGallery Track A route; official demo_accelerate defaults; seed policy 42/123/777.
A_native_quality,stylegallery,extv1_urban_building_monet,42,success,external_benchmark/outputs/stylegallery/track_A/extv1_urban_building_monet/seed_42/result_lcm.png,SD1.5 official accelerated LCM route,external_benchmark/vendor/stylegallery/pretrained_models/runwayml_stable-diffusion-v1-5+facebook/dinov2-base+dpv2/ckpts/depth_anything_v2_vitl.pth+lcm-lora-sd1.5,95f1b125158d9c5ef4f6ba5e9f17bcb11820d6dc,512,an urban building scene with preserved structure,,28,,LCMScheduler,,semantic regional matching + Depth Anything V2,0,55.2109,55.2109,,True,True,False,False,DINOv2-base; Depth Anything V2 ViT-L; LCM LoRA,1,False,Frozen optional StyleGallery Track A route; official demo_accelerate defaults; seed policy 42/123/777.
A_native_quality,stylegallery,extv1_urban_building_monet,123,success,external_benchmark/outputs/stylegallery/track_A/extv1_urban_building_monet/seed_123/result_lcm.png,SD1.5 official accelerated LCM route,external_benchmark/vendor/stylegallery/pretrained_models/runwayml_stable-diffusion-v1-5+facebook/dinov2-base+dpv2/ckpts/depth_anything_v2_vitl.pth+lcm-lora-sd1.5,95f1b125158d9c5ef4f6ba5e9f17bcb11820d6dc,512,an urban building scene with preserved structure,,28,,LCMScheduler,,semantic regional matching + Depth Anything V2,0,39.412,39.412,,True,True,False,False,DINOv2-base; Depth Anything V2 ViT-L; LCM LoRA,1,False,Frozen optional StyleGallery Track A route; official demo_accelerate defaults; seed policy 42/123/777.
A_native_quality,stylegallery,extv1_urban_building_monet,777,success,external_benchmark/outputs/stylegallery/track_A/extv1_urban_building_monet/seed_777/result_lcm.png,SD1.5 official accelerated LCM route,external_benchmark/vendor/stylegallery/pretrained_models/runwayml_stable-diffusion-v1-5+facebook/dinov2-base+dpv2/ckpts/depth_anything_v2_vitl.pth+lcm-lora-sd1.5,95f1b125158d9c5ef4f6ba5e9f17bcb11820d6dc,512,an urban building scene with preserved structure,,28,,LCMScheduler,,semantic regional matching + Depth Anything V2,0,38.8309,38.8309,,True,True,False,False,DINOv2-base; Depth Anything V2 ViT-L; LCM LoRA,1,False,Frozen optional StyleGallery Track A route; official demo_accelerate defaults; seed policy 42/123/777.
A_native_quality,stylegallery,extv1_urban_building_vangogh,42,success,external_benchmark/outputs/stylegallery/track_A/extv1_urban_building_vangogh/seed_42/result_lcm.png,SD1.5 official accelerated LCM route,external_benchmark/vendor/stylegallery/pretrained_models/runwayml_stable-diffusion-v1-5+facebook/dinov2-base+dpv2/ckpts/depth_anything_v2_vitl.pth+lcm-lora-sd1.5,95f1b125158d9c5ef4f6ba5e9f17bcb11820d6dc,512,an urban building scene with preserved structure,,28,,LCMScheduler,,semantic regional matching + Depth Anything V2,0,36.8528,36.8528,,True,True,False,False,DINOv2-base; Depth Anything V2 ViT-L; LCM LoRA,1,False,Frozen optional StyleGallery Track A route; official demo_accelerate defaults; seed policy 42/123/777.
A_native_quality,stylegallery,extv1_urban_building_vangogh,123,success,external_benchmark/outputs/stylegallery/track_A/extv1_urban_building_vangogh/seed_123/result_lcm.png,SD1.5 official accelerated LCM route,external_benchmark/vendor/stylegallery/pretrained_models/runwayml_stable-diffusion-v1-5+facebook/dinov2-base+dpv2/ckpts/depth_anything_v2_vitl.pth+lcm-lora-sd1.5,95f1b125158d9c5ef4f6ba5e9f17bcb11820d6dc,512,an urban building scene with preserved structure,,28,,LCMScheduler,,semantic regional matching + Depth Anything V2,0,37.5399,37.5399,,True,True,False,False,DINOv2-base; Depth Anything V2 ViT-L; LCM LoRA,1,False,Frozen optional StyleGallery Track A route; official demo_accelerate defaults; seed policy 42/123/777.
A_native_quality,stylegallery,extv1_urban_building_vangogh,777,success,external_benchmark/outputs/stylegallery/track_A/extv1_urban_building_vangogh/seed_777/result_lcm.png,SD1.5 official accelerated LCM route,external_benchmark/vendor/stylegallery/pretrained_models/runwayml_stable-diffusion-v1-5+facebook/dinov2-base+dpv2/ckpts/depth_anything_v2_vitl.pth+lcm-lora-sd1.5,95f1b125158d9c5ef4f6ba5e9f17bcb11820d6dc,512,an urban building scene with preserved structure,,28,,LCMScheduler,,semantic regional matching + Depth Anything V2,0,38.2745,38.2745,,True,True,False,False,DINOv2-base; Depth Anything V2 ViT-L; LCM LoRA,1,False,Frozen optional StyleGallery Track A route; official demo_accelerate defaults; seed policy 42/123/777.
A_native_quality,stylegallery,extv1_urban_building_hokusai,42,success,external_benchmark/outputs/stylegallery/track_A/extv1_urban_building_hokusai/seed_42/result_lcm.png,SD1.5 official accelerated LCM route,external_benchmark/vendor/stylegallery/pretrained_models/runwayml_stable-diffusion-v1-5+facebook/dinov2-base+dpv2/ckpts/depth_anything_v2_vitl.pth+lcm-lora-sd1.5,95f1b125158d9c5ef4f6ba5e9f17bcb11820d6dc,512,an urban building scene with preserved structure,,28,,LCMScheduler,,semantic regional matching + Depth Anything V2,0,38.6613,38.6613,,True,True,False,False,DINOv2-base; Depth Anything V2 ViT-L; LCM LoRA,1,False,Frozen optional StyleGallery Track A route; official demo_accelerate defaults; seed policy 42/123/777.
A_native_quality,stylegallery,extv1_urban_building_hokusai,123,success,external_benchmark/outputs/stylegallery/track_A/extv1_urban_building_hokusai/seed_123/result_lcm.png,SD1.5 official accelerated LCM route,external_benchmark/vendor/stylegallery/pretrained_models/runwayml_stable-diffusion-v1-5+facebook/dinov2-base+dpv2/ckpts/depth_anything_v2_vitl.pth+lcm-lora-sd1.5,95f1b125158d9c5ef4f6ba5e9f17bcb11820d6dc,512,an urban building scene with preserved structure,,28,,LCMScheduler,,semantic regional matching + Depth Anything V2,0,39.274,39.274,,True,True,False,False,DINOv2-base; Depth Anything V2 ViT-L; LCM LoRA,1,False,Frozen optional StyleGallery Track A route; official demo_accelerate defaults; seed policy 42/123/777.
A_native_quality,stylegallery,extv1_urban_building_hokusai,777,success,external_benchmark/outputs/stylegallery/track_A/extv1_urban_building_hokusai/seed_777/result_lcm.png,SD1.5 official accelerated LCM route,external_benchmark/vendor/stylegallery/pretrained_models/runwayml_stable-diffusion-v1-5+facebook/dinov2-base+dpv2/ckpts/depth_anything_v2_vitl.pth+lcm-lora-sd1.5,95f1b125158d9c5ef4f6ba5e9f17bcb11820d6dc,512,an urban building scene with preserved structure,,28,,LCMScheduler,,semantic regional matching + Depth Anything V2,0,38.4309,38.4309,,True,True,False,False,DINOv2-base; Depth Anything V2 ViT-L; LCM LoRA,1,False,Frozen optional StyleGallery Track A route; official demo_accelerate defaults; seed policy 42/123/777.
A_native_quality,stylegallery,extv1_urban_building_klimt,42,success,external_benchmark/outputs/stylegallery/track_A/extv1_urban_building_klimt/seed_42/result_lcm.png,SD1.5 official accelerated LCM route,external_benchmark/vendor/stylegallery/pretrained_models/runwayml_stable-diffusion-v1-5+facebook/dinov2-base+dpv2/ckpts/depth_anything_v2_vitl.pth+lcm-lora-sd1.5,95f1b125158d9c5ef4f6ba5e9f17bcb11820d6dc,512,an urban building scene with preserved structure,,28,,LCMScheduler,,semantic regional matching + Depth Anything V2,0,39.5242,39.5242,,True,True,False,False,DINOv2-base; Depth Anything V2 ViT-L; LCM LoRA,1,False,Frozen optional StyleGallery Track A route; official demo_accelerate defaults; seed policy 42/123/777.
A_native_quality,stylegallery,extv1_urban_building_klimt,123,success,external_benchmark/outputs/stylegallery/track_A/extv1_urban_building_klimt/seed_123/result_lcm.png,SD1.5 official accelerated LCM route,external_benchmark/vendor/stylegallery/pretrained_models/runwayml_stable-diffusion-v1-5+facebook/dinov2-base+dpv2/ckpts/depth_anything_v2_vitl.pth+lcm-lora-sd1.5,95f1b125158d9c5ef4f6ba5e9f17bcb11820d6dc,512,an urban building scene with preserved structure,,28,,LCMScheduler,,semantic regional matching + Depth Anything V2,0,40.557,40.557,,True,True,False,False,DINOv2-base; Depth Anything V2 ViT-L; LCM LoRA,1,False,Frozen optional StyleGallery Track A route; official demo_accelerate defaults; seed policy 42/123/777.
A_native_quality,stylegallery,extv1_urban_building_klimt,777,success,external_benchmark/outputs/stylegallery/track_A/extv1_urban_building_klimt/seed_777/result_lcm.png,SD1.5 official accelerated LCM route,external_benchmark/vendor/stylegallery/pretrained_models/runwayml_stable-diffusion-v1-5+facebook/dinov2-base+dpv2/ckpts/depth_anything_v2_vitl.pth+lcm-lora-sd1.5,95f1b125158d9c5ef4f6ba5e9f17bcb11820d6dc,512,an urban building scene with preserved structure,,28,,LCMScheduler,,semantic regional matching + Depth Anything V2,0,40.1793,40.1793,,True,True,False,False,DINOv2-base; Depth Anything V2 ViT-L; LCM LoRA,1,False,Frozen optional StyleGallery Track A route; official demo_accelerate defaults; seed policy 42/123/777.
A_native_quality,stylegallery,extv1_flower_bed_monet,42,success,external_benchmark/outputs/stylegallery/track_A/extv1_flower_bed_monet/seed_42/result_lcm.png,SD1.5 official accelerated LCM route,external_benchmark/vendor/stylegallery/pretrained_models/runwayml_stable-diffusion-v1-5+facebook/dinov2-base+dpv2/ckpts/depth_anything_v2_vitl.pth+lcm-lora-sd1.5,95f1b125158d9c5ef4f6ba5e9f17bcb11820d6dc,512,a flower bed scene with preserved plant arrangement and foreground-background layout,,28,,LCMScheduler,,semantic regional matching + Depth Anything V2,0,53.6436,53.6436,,True,True,False,False,DINOv2-base; Depth Anything V2 ViT-L; LCM LoRA,1,False,Frozen optional StyleGallery Track A route; official demo_accelerate defaults; seed policy 42/123/777.
A_native_quality,stylegallery,extv1_flower_bed_monet,123,success,external_benchmark/outputs/stylegallery/track_A/extv1_flower_bed_monet/seed_123/result_lcm.png,SD1.5 official accelerated LCM route,external_benchmark/vendor/stylegallery/pretrained_models/runwayml_stable-diffusion-v1-5+facebook/dinov2-base+dpv2/ckpts/depth_anything_v2_vitl.pth+lcm-lora-sd1.5,95f1b125158d9c5ef4f6ba5e9f17bcb11820d6dc,512,a flower bed scene with preserved plant arrangement and foreground-background layout,,28,,LCMScheduler,,semantic regional matching + Depth Anything V2,0,39.6857,39.6857,,True,True,False,False,DINOv2-base; Depth Anything V2 ViT-L; LCM LoRA,1,False,Frozen optional StyleGallery Track A route; official demo_accelerate defaults; seed policy 42/123/777.
A_native_quality,stylegallery,extv1_flower_bed_monet,777,success,external_benchmark/outputs/stylegallery/track_A/extv1_flower_bed_monet/seed_777/result_lcm.png,SD1.5 official accelerated LCM route,external_benchmark/vendor/stylegallery/pretrained_models/runwayml_stable-diffusion-v1-5+facebook/dinov2-base+dpv2/ckpts/depth_anything_v2_vitl.pth+lcm-lora-sd1.5,95f1b125158d9c5ef4f6ba5e9f17bcb11820d6dc,512,a flower bed scene with preserved plant arrangement and foreground-background layout,,28,,LCMScheduler,,semantic regional matching + Depth Anything V2,0,37.9361,37.9361,,True,True,False,False,DINOv2-base; Depth Anything V2 ViT-L; LCM LoRA,1,False,Frozen optional StyleGallery Track A route; official demo_accelerate defaults; seed policy 42/123/777.
A_native_quality,stylegallery,extv1_flower_bed_vangogh,42,success,external_benchmark/outputs/stylegallery/track_A/extv1_flower_bed_vangogh/seed_42/result_lcm.png,SD1.5 official accelerated LCM route,external_benchmark/vendor/stylegallery/pretrained_models/runwayml_stable-diffusion-v1-5+facebook/dinov2-base+dpv2/ckpts/depth_anything_v2_vitl.pth+lcm-lora-sd1.5,95f1b125158d9c5ef4f6ba5e9f17bcb11820d6dc,512,a flower bed scene with preserved plant arrangement and foreground-background layout,,28,,LCMScheduler,,semantic regional matching + Depth Anything V2,0,37.4183,37.4183,,True,True,False,False,DINOv2-base; Depth Anything V2 ViT-L; LCM LoRA,1,False,Frozen optional StyleGallery Track A route; official demo_accelerate defaults; seed policy 42/123/777.
A_native_quality,stylegallery,extv1_flower_bed_vangogh,123,success,external_benchmark/outputs/stylegallery/track_A/extv1_flower_bed_vangogh/seed_123/result_lcm.png,SD1.5 official accelerated LCM route,external_benchmark/vendor/stylegallery/pretrained_models/runwayml_stable-diffusion-v1-5+facebook/dinov2-base+dpv2/ckpts/depth_anything_v2_vitl.pth+lcm-lora-sd1.5,95f1b125158d9c5ef4f6ba5e9f17bcb11820d6dc,512,a flower bed scene with preserved plant arrangement and foreground-background layout,,28,,LCMScheduler,,semantic regional matching + Depth Anything V2,0,37.8909,37.8909,,True,True,False,False,DINOv2-base; Depth Anything V2 ViT-L; LCM LoRA,1,False,Frozen optional StyleGallery Track A route; official demo_accelerate defaults; seed policy 42/123/777.
A_native_quality,stylegallery,extv1_flower_bed_vangogh,777,success,external_benchmark/outputs/stylegallery/track_A/extv1_flower_bed_vangogh/seed_777/result_lcm.png,SD1.5 official accelerated LCM route,external_benchmark/vendor/stylegallery/pretrained_models/runwayml_stable-diffusion-v1-5+facebook/dinov2-base+dpv2/ckpts/depth_anything_v2_vitl.pth+lcm-lora-sd1.5,95f1b125158d9c5ef4f6ba5e9f17bcb11820d6dc,512,a flower bed scene with preserved plant arrangement and foreground-background layout,,28,,LCMScheduler,,semantic regional matching + Depth Anything V2,0,38.2263,38.2263,,True,True,False,False,DINOv2-base; Depth Anything V2 ViT-L; LCM LoRA,1,False,Frozen optional StyleGallery Track A route; official demo_accelerate defaults; seed policy 42/123/777.
A_native_quality,stylegallery,extv1_flower_bed_hokusai,42,success,external_benchmark/outputs/stylegallery/track_A/extv1_flower_bed_hokusai/seed_42/result_lcm.png,SD1.5 official accelerated LCM route,external_benchmark/vendor/stylegallery/pretrained_models/runwayml_stable-diffusion-v1-5+facebook/dinov2-base+dpv2/ckpts/depth_anything_v2_vitl.pth+lcm-lora-sd1.5,95f1b125158d9c5ef4f6ba5e9f17bcb11820d6dc,512,a flower bed scene with preserved plant arrangement and foreground-background layout,,28,,LCMScheduler,,semantic regional matching + Depth Anything V2,0,38.941,38.941,,True,True,False,False,DINOv2-base; Depth Anything V2 ViT-L; LCM LoRA,1,False,Frozen optional StyleGallery Track A route; official demo_accelerate defaults; seed policy 42/123/777.
A_native_quality,stylegallery,extv1_flower_bed_hokusai,123,success,external_benchmark/outputs/stylegallery/track_A/extv1_flower_bed_hokusai/seed_123/result_lcm.png,SD1.5 official accelerated LCM route,external_benchmark/vendor/stylegallery/pretrained_models/runwayml_stable-diffusion-v1-5+facebook/dinov2-base+dpv2/ckpts/depth_anything_v2_vitl.pth+lcm-lora-sd1.5,95f1b125158d9c5ef4f6ba5e9f17bcb11820d6dc,512,a flower bed scene with preserved plant arrangement and foreground-background layout,,28,,LCMScheduler,,semantic regional matching + Depth Anything V2,0,40.1256,40.1256,,True,True,False,False,DINOv2-base; Depth Anything V2 ViT-L; LCM LoRA,1,False,Frozen optional StyleGallery Track A route; official demo_accelerate defaults; seed policy 42/123/777.
A_native_quality,stylegallery,extv1_flower_bed_hokusai,777,success,external_benchmark/outputs/stylegallery/track_A/extv1_flower_bed_hokusai/seed_777/result_lcm.png,SD1.5 official accelerated LCM route,external_benchmark/vendor/stylegallery/pretrained_models/runwayml_stable-diffusion-v1-5+facebook/dinov2-base+dpv2/ckpts/depth_anything_v2_vitl.pth+lcm-lora-sd1.5,95f1b125158d9c5ef4f6ba5e9f17bcb11820d6dc,512,a flower bed scene with preserved plant arrangement and foreground-background layout,,28,,LCMScheduler,,semantic regional matching + Depth Anything V2,0,38.9842,38.9842,,True,True,False,False,DINOv2-base; Depth Anything V2 ViT-L; LCM LoRA,1,False,Frozen optional StyleGallery Track A route; official demo_accelerate defaults; seed policy 42/123/777.
A_native_quality,stylegallery,extv1_flower_bed_klimt,42,success,external_benchmark/outputs/stylegallery/track_A/extv1_flower_bed_klimt/seed_42/result_lcm.png,SD1.5 official accelerated LCM route,external_benchmark/vendor/stylegallery/pretrained_models/runwayml_stable-diffusion-v1-5+facebook/dinov2-base+dpv2/ckpts/depth_anything_v2_vitl.pth+lcm-lora-sd1.5,95f1b125158d9c5ef4f6ba5e9f17bcb11820d6dc,512,a flower bed scene with preserved plant arrangement and foreground-background layout,,28,,LCMScheduler,,semantic regional matching + Depth Anything V2,0,40.3646,40.3646,,True,True,False,False,DINOv2-base; Depth Anything V2 ViT-L; LCM LoRA,1,False,Frozen optional StyleGallery Track A route; official demo_accelerate defaults; seed policy 42/123/777.
A_native_quality,stylegallery,extv1_flower_bed_klimt,123,success,external_benchmark/outputs/stylegallery/track_A/extv1_flower_bed_klimt/seed_123/result_lcm.png,SD1.5 official accelerated LCM route,external_benchmark/vendor/stylegallery/pretrained_models/runwayml_stable-diffusion-v1-5+facebook/dinov2-base+dpv2/ckpts/depth_anything_v2_vitl.pth+lcm-lora-sd1.5,95f1b125158d9c5ef4f6ba5e9f17bcb11820d6dc,512,a flower bed scene with preserved plant arrangement and foreground-background layout,,28,,LCMScheduler,,semantic regional matching + Depth Anything V2,0,39.7867,39.7867,,True,True,False,False,DINOv2-base; Depth Anything V2 ViT-L; LCM LoRA,1,False,Frozen optional StyleGallery Track A route; official demo_accelerate defaults; seed policy 42/123/777.
A_native_quality,stylegallery,extv1_flower_bed_klimt,777,success,external_benchmark/outputs/stylegallery/track_A/extv1_flower_bed_klimt/seed_777/result_lcm.png,SD1.5 official accelerated LCM route,external_benchmark/vendor/stylegallery/pretrained_models/runwayml_stable-diffusion-v1-5+facebook/dinov2-base+dpv2/ckpts/depth_anything_v2_vitl.pth+lcm-lora-sd1.5,95f1b125158d9c5ef4f6ba5e9f17bcb11820d6dc,512,a flower bed scene with preserved plant arrangement and foreground-background layout,,28,,LCMScheduler,,semantic regional matching + Depth Anything V2,0,40.0645,40.0645,,True,True,False,False,DINOv2-base; Depth Anything V2 ViT-L; LCM LoRA,1,False,Frozen optional StyleGallery Track A route; official demo_accelerate defaults; seed policy 42/123/777.
A_native_quality,stylegallery,extv1_garden_flowers_monet,42,success,external_benchmark/outputs/stylegallery/track_A/extv1_garden_flowers_monet/seed_42/result_lcm.png,SD1.5 official accelerated LCM route,external_benchmark/vendor/stylegallery/pretrained_models/runwayml_stable-diffusion-v1-5+facebook/dinov2-base+dpv2/ckpts/depth_anything_v2_vitl.pth+lcm-lora-sd1.5,95f1b125158d9c5ef4f6ba5e9f17bcb11820d6dc,512,a garden scene with preserved path,,28,,LCMScheduler,,semantic regional matching + Depth Anything V2,0,61.631,61.631,,True,True,False,False,DINOv2-base; Depth Anything V2 ViT-L; LCM LoRA,1,False,Frozen optional StyleGallery Track A route; official demo_accelerate defaults; seed policy 42/123/777.
A_native_quality,stylegallery,extv1_garden_flowers_monet,123,success,external_benchmark/outputs/stylegallery/track_A/extv1_garden_flowers_monet/seed_123/result_lcm.png,SD1.5 official accelerated LCM route,external_benchmark/vendor/stylegallery/pretrained_models/runwayml_stable-diffusion-v1-5+facebook/dinov2-base+dpv2/ckpts/depth_anything_v2_vitl.pth+lcm-lora-sd1.5,95f1b125158d9c5ef4f6ba5e9f17bcb11820d6dc,512,a garden scene with preserved path,,28,,LCMScheduler,,semantic regional matching + Depth Anything V2,0,44.3594,44.3594,,True,True,False,False,DINOv2-base; Depth Anything V2 ViT-L; LCM LoRA,1,False,Frozen optional StyleGallery Track A route; official demo_accelerate defaults; seed policy 42/123/777.
A_native_quality,stylegallery,extv1_garden_flowers_monet,777,success,external_benchmark/outputs/stylegallery/track_A/extv1_garden_flowers_monet/seed_777/result_lcm.png,SD1.5 official accelerated LCM route,external_benchmark/vendor/stylegallery/pretrained_models/runwayml_stable-diffusion-v1-5+facebook/dinov2-base+dpv2/ckpts/depth_anything_v2_vitl.pth+lcm-lora-sd1.5,95f1b125158d9c5ef4f6ba5e9f17bcb11820d6dc,512,a garden scene with preserved path,,28,,LCMScheduler,,semantic regional matching + Depth Anything V2,0,43.3023,43.3023,,True,True,False,False,DINOv2-base; Depth Anything V2 ViT-L; LCM LoRA,1,False,Frozen optional StyleGallery Track A route; official demo_accelerate defaults; seed policy 42/123/777.
A_native_quality,stylegallery,extv1_garden_flowers_vangogh,42,success,external_benchmark/outputs/stylegallery/track_A/extv1_garden_flowers_vangogh/seed_42/result_lcm.png,SD1.5 official accelerated LCM route,external_benchmark/vendor/stylegallery/pretrained_models/runwayml_stable-diffusion-v1-5+facebook/dinov2-base+dpv2/ckpts/depth_anything_v2_vitl.pth+lcm-lora-sd1.5,95f1b125158d9c5ef4f6ba5e9f17bcb11820d6dc,512,a garden scene with preserved path,,28,,LCMScheduler,,semantic regional matching + Depth Anything V2,0,43.4631,43.4631,,True,True,False,False,DINOv2-base; Depth Anything V2 ViT-L; LCM LoRA,1,False,Frozen optional StyleGallery Track A route; official demo_accelerate defaults; seed policy 42/123/777.
A_native_quality,stylegallery,extv1_garden_flowers_vangogh,123,success,external_benchmark/outputs/stylegallery/track_A/extv1_garden_flowers_vangogh/seed_123/result_lcm.png,SD1.5 official accelerated LCM route,external_benchmark/vendor/stylegallery/pretrained_models/runwayml_stable-diffusion-v1-5+facebook/dinov2-base+dpv2/ckpts/depth_anything_v2_vitl.pth+lcm-lora-sd1.5,95f1b125158d9c5ef4f6ba5e9f17bcb11820d6dc,512,a garden scene with preserved path,,28,,LCMScheduler,,semantic regional matching + Depth Anything V2,0,42.7901,42.7901,,True,True,False,False,DINOv2-base; Depth Anything V2 ViT-L; LCM LoRA,1,False,Frozen optional StyleGallery Track A route; official demo_accelerate defaults; seed policy 42/123/777.
A_native_quality,stylegallery,extv1_garden_flowers_vangogh,777,success,external_benchmark/outputs/stylegallery/track_A/extv1_garden_flowers_vangogh/seed_777/result_lcm.png,SD1.5 official accelerated LCM route,external_benchmark/vendor/stylegallery/pretrained_models/runwayml_stable-diffusion-v1-5+facebook/dinov2-base+dpv2/ckpts/depth_anything_v2_vitl.pth+lcm-lora-sd1.5,95f1b125158d9c5ef4f6ba5e9f17bcb11820d6dc,512,a garden scene with preserved path,,28,,LCMScheduler,,semantic regional matching + Depth Anything V2,0,43.6245,43.6245,,True,True,False,False,DINOv2-base; Depth Anything V2 ViT-L; LCM LoRA,1,False,Frozen optional StyleGallery Track A route; official demo_accelerate defaults; seed policy 42/123/777.
A_native_quality,stylegallery,extv1_garden_flowers_hokusai,42,success,external_benchmark/outputs/stylegallery/track_A/extv1_garden_flowers_hokusai/seed_42/result_lcm.png,SD1.5 official accelerated LCM route,external_benchmark/vendor/stylegallery/pretrained_models/runwayml_stable-diffusion-v1-5+facebook/dinov2-base+dpv2/ckpts/depth_anything_v2_vitl.pth+lcm-lora-sd1.5,95f1b125158d9c5ef4f6ba5e9f17bcb11820d6dc,512,a garden scene with preserved path,,28,,LCMScheduler,,semantic regional matching + Depth Anything V2,0,44.3464,44.3464,,True,True,False,False,DINOv2-base; Depth Anything V2 ViT-L; LCM LoRA,1,False,Frozen optional StyleGallery Track A route; official demo_accelerate defaults; seed policy 42/123/777.
A_native_quality,stylegallery,extv1_garden_flowers_hokusai,123,success,external_benchmark/outputs/stylegallery/track_A/extv1_garden_flowers_hokusai/seed_123/result_lcm.png,SD1.5 official accelerated LCM route,external_benchmark/vendor/stylegallery/pretrained_models/runwayml_stable-diffusion-v1-5+facebook/dinov2-base+dpv2/ckpts/depth_anything_v2_vitl.pth+lcm-lora-sd1.5,95f1b125158d9c5ef4f6ba5e9f17bcb11820d6dc,512,a garden scene with preserved path,,28,,LCMScheduler,,semantic regional matching + Depth Anything V2,0,44.9998,44.9998,,True,True,False,False,DINOv2-base; Depth Anything V2 ViT-L; LCM LoRA,1,False,Frozen optional StyleGallery Track A route; official demo_accelerate defaults; seed policy 42/123/777.
A_native_quality,stylegallery,extv1_garden_flowers_hokusai,777,success,external_benchmark/outputs/stylegallery/track_A/extv1_garden_flowers_hokusai/seed_777/result_lcm.png,SD1.5 official accelerated LCM route,external_benchmark/vendor/stylegallery/pretrained_models/runwayml_stable-diffusion-v1-5+facebook/dinov2-base+dpv2/ckpts/depth_anything_v2_vitl.pth+lcm-lora-sd1.5,95f1b125158d9c5ef4f6ba5e9f17bcb11820d6dc,512,a garden scene with preserved path,,28,,LCMScheduler,,semantic regional matching + Depth Anything V2,0,43.7,43.7,,True,True,False,False,DINOv2-base; Depth Anything V2 ViT-L; LCM LoRA,1,False,Frozen optional StyleGallery Track A route; official demo_accelerate defaults; seed policy 42/123/777.
A_native_quality,stylegallery,extv1_garden_flowers_klimt,42,success,external_benchmark/outputs/stylegallery/track_A/extv1_garden_flowers_klimt/seed_42/result_lcm.png,SD1.5 official accelerated LCM route,external_benchmark/vendor/stylegallery/pretrained_models/runwayml_stable-diffusion-v1-5+facebook/dinov2-base+dpv2/ckpts/depth_anything_v2_vitl.pth+lcm-lora-sd1.5,95f1b125158d9c5ef4f6ba5e9f17bcb11820d6dc,512,a garden scene with preserved path,,28,,LCMScheduler,,semantic regional matching + Depth Anything V2,0,45.5022,45.5022,,True,True,False,False,DINOv2-base; Depth Anything V2 ViT-L; LCM LoRA,1,False,Frozen optional StyleGallery Track A route; official demo_accelerate defaults; seed policy 42/123/777.
A_native_quality,stylegallery,extv1_garden_flowers_klimt,123,success,external_benchmark/outputs/stylegallery/track_A/extv1_garden_flowers_klimt/seed_123/result_lcm.png,SD1.5 official accelerated LCM route,external_benchmark/vendor/stylegallery/pretrained_models/runwayml_stable-diffusion-v1-5+facebook/dinov2-base+dpv2/ckpts/depth_anything_v2_vitl.pth+lcm-lora-sd1.5,95f1b125158d9c5ef4f6ba5e9f17bcb11820d6dc,512,a garden scene with preserved path,,28,,LCMScheduler,,semantic regional matching + Depth Anything V2,0,44.8538,44.8538,,True,True,False,False,DINOv2-base; Depth Anything V2 ViT-L; LCM LoRA,1,False,Frozen optional StyleGallery Track A route; official demo_accelerate defaults; seed policy 42/123/777.
A_native_quality,stylegallery,extv1_garden_flowers_klimt,777,success,external_benchmark/outputs/stylegallery/track_A/extv1_garden_flowers_klimt/seed_777/result_lcm.png,SD1.5 official accelerated LCM route,external_benchmark/vendor/stylegallery/pretrained_models/runwayml_stable-diffusion-v1-5+facebook/dinov2-base+dpv2/ckpts/depth_anything_v2_vitl.pth+lcm-lora-sd1.5,95f1b125158d9c5ef4f6ba5e9f17bcb11820d6dc,512,a garden scene with preserved path,,28,,LCMScheduler,,semantic regional matching + Depth Anything V2,0,44.9553,44.9553,,True,True,False,False,DINOv2-base; Depth Anything V2 ViT-L; LCM LoRA,1,False,Frozen optional StyleGallery Track A route; official demo_accelerate defaults; seed policy 42/123/777.
A_native_quality,stylegallery,extv1_mountain_lake_monet,42,success,external_benchmark/outputs/stylegallery/track_A/extv1_mountain_lake_monet/seed_42/result_lcm.png,SD1.5 official accelerated LCM route,external_benchmark/vendor/stylegallery/pretrained_models/runwayml_stable-diffusion-v1-5+facebook/dinov2-base+dpv2/ckpts/depth_anything_v2_vitl.pth+lcm-lora-sd1.5,95f1b125158d9c5ef4f6ba5e9f17bcb11820d6dc,512,a mountain lake landscape with preserved horizon,,28,,LCMScheduler,,semantic regional matching + Depth Anything V2,0,60.8403,60.8403,,True,True,False,False,DINOv2-base; Depth Anything V2 ViT-L; LCM LoRA,1,False,Frozen optional StyleGallery Track A route; official demo_accelerate defaults; seed policy 42/123/777.
A_native_quality,stylegallery,extv1_mountain_lake_monet,123,success,external_benchmark/outputs/stylegallery/track_A/extv1_mountain_lake_monet/seed_123/result_lcm.png,SD1.5 official accelerated LCM route,external_benchmark/vendor/stylegallery/pretrained_models/runwayml_stable-diffusion-v1-5+facebook/dinov2-base+dpv2/ckpts/depth_anything_v2_vitl.pth+lcm-lora-sd1.5,95f1b125158d9c5ef4f6ba5e9f17bcb11820d6dc,512,a mountain lake landscape with preserved horizon,,28,,LCMScheduler,,semantic regional matching + Depth Anything V2,0,46.8532,46.8532,,True,True,False,False,DINOv2-base; Depth Anything V2 ViT-L; LCM LoRA,1,False,Frozen optional StyleGallery Track A route; official demo_accelerate defaults; seed policy 42/123/777.
A_native_quality,stylegallery,extv1_mountain_lake_monet,777,success,external_benchmark/outputs/stylegallery/track_A/extv1_mountain_lake_monet/seed_777/result_lcm.png,SD1.5 official accelerated LCM route,external_benchmark/vendor/stylegallery/pretrained_models/runwayml_stable-diffusion-v1-5+facebook/dinov2-base+dpv2/ckpts/depth_anything_v2_vitl.pth+lcm-lora-sd1.5,95f1b125158d9c5ef4f6ba5e9f17bcb11820d6dc,512,a mountain lake landscape with preserved horizon,,28,,LCMScheduler,,semantic regional matching + Depth Anything V2,0,44.9728,44.9728,,True,True,False,False,DINOv2-base; Depth Anything V2 ViT-L; LCM LoRA,1,False,Frozen optional StyleGallery Track A route; official demo_accelerate defaults; seed policy 42/123/777.
A_native_quality,stylegallery,extv1_mountain_lake_vangogh,42,success,external_benchmark/outputs/stylegallery/track_A/extv1_mountain_lake_vangogh/seed_42/result_lcm.png,SD1.5 official accelerated LCM route,external_benchmark/vendor/stylegallery/pretrained_models/runwayml_stable-diffusion-v1-5+facebook/dinov2-base+dpv2/ckpts/depth_anything_v2_vitl.pth+lcm-lora-sd1.5,95f1b125158d9c5ef4f6ba5e9f17bcb11820d6dc,512,a mountain lake landscape with preserved horizon,,28,,LCMScheduler,,semantic regional matching + Depth Anything V2,0,44.0035,44.0035,,True,True,False,False,DINOv2-base; Depth Anything V2 ViT-L; LCM LoRA,1,False,Frozen optional StyleGallery Track A route; official demo_accelerate defaults; seed policy 42/123/777.
A_native_quality,stylegallery,extv1_mountain_lake_vangogh,123,success,external_benchmark/outputs/stylegallery/track_A/extv1_mountain_lake_vangogh/seed_123/result_lcm.png,SD1.5 official accelerated LCM route,external_benchmark/vendor/stylegallery/pretrained_models/runwayml_stable-diffusion-v1-5+facebook/dinov2-base+dpv2/ckpts/depth_anything_v2_vitl.pth+lcm-lora-sd1.5,95f1b125158d9c5ef4f6ba5e9f17bcb11820d6dc,512,a mountain lake landscape with preserved horizon,,28,,LCMScheduler,,semantic regional matching + Depth Anything V2,0,43.2153,43.2153,,True,True,False,False,DINOv2-base; Depth Anything V2 ViT-L; LCM LoRA,1,False,Frozen optional StyleGallery Track A route; official demo_accelerate defaults; seed policy 42/123/777.
A_native_quality,stylegallery,extv1_mountain_lake_vangogh,777,success,external_benchmark/outputs/stylegallery/track_A/extv1_mountain_lake_vangogh/seed_777/result_lcm.png,SD1.5 official accelerated LCM route,external_benchmark/vendor/stylegallery/pretrained_models/runwayml_stable-diffusion-v1-5+facebook/dinov2-base+dpv2/ckpts/depth_anything_v2_vitl.pth+lcm-lora-sd1.5,95f1b125158d9c5ef4f6ba5e9f17bcb11820d6dc,512,a mountain lake landscape with preserved horizon,,28,,LCMScheduler,,semantic regional matching + Depth Anything V2,0,46.1298,46.1298,,True,True,False,False,DINOv2-base; Depth Anything V2 ViT-L; LCM LoRA,1,False,Frozen optional StyleGallery Track A route; official demo_accelerate defaults; seed policy 42/123/777.
A_native_quality,stylegallery,extv1_mountain_lake_hokusai,42,success,external_benchmark/outputs/stylegallery/track_A/extv1_mountain_lake_hokusai/seed_42/result_lcm.png,SD1.5 official accelerated LCM route,external_benchmark/vendor/stylegallery/pretrained_models/runwayml_stable-diffusion-v1-5+facebook/dinov2-base+dpv2/ckpts/depth_anything_v2_vitl.pth+lcm-lora-sd1.5,95f1b125158d9c5ef4f6ba5e9f17bcb11820d6dc,512,a mountain lake landscape with preserved horizon,,28,,LCMScheduler,,semantic regional matching + Depth Anything V2,0,45.5918,45.5918,,True,True,False,False,DINOv2-base; Depth Anything V2 ViT-L; LCM LoRA,1,False,Frozen optional StyleGallery Track A route; official demo_accelerate defaults; seed policy 42/123/777.
A_native_quality,stylegallery,extv1_mountain_lake_hokusai,123,success,external_benchmark/outputs/stylegallery/track_A/extv1_mountain_lake_hokusai/seed_123/result_lcm.png,SD1.5 official accelerated LCM route,external_benchmark/vendor/stylegallery/pretrained_models/runwayml_stable-diffusion-v1-5+facebook/dinov2-base+dpv2/ckpts/depth_anything_v2_vitl.pth+lcm-lora-sd1.5,95f1b125158d9c5ef4f6ba5e9f17bcb11820d6dc,512,a mountain lake landscape with preserved horizon,,28,,LCMScheduler,,semantic regional matching + Depth Anything V2,0,46.0439,46.0439,,True,True,False,False,DINOv2-base; Depth Anything V2 ViT-L; LCM LoRA,1,False,Frozen optional StyleGallery Track A route; official demo_accelerate defaults; seed policy 42/123/777.
A_native_quality,stylegallery,extv1_mountain_lake_hokusai,777,success,external_benchmark/outputs/stylegallery/track_A/extv1_mountain_lake_hokusai/seed_777/result_lcm.png,SD1.5 official accelerated LCM route,external_benchmark/vendor/stylegallery/pretrained_models/runwayml_stable-diffusion-v1-5+facebook/dinov2-base+dpv2/ckpts/depth_anything_v2_vitl.pth+lcm-lora-sd1.5,95f1b125158d9c5ef4f6ba5e9f17bcb11820d6dc,512,a mountain lake landscape with preserved horizon,,28,,LCMScheduler,,semantic regional matching + Depth Anything V2,0,47.1873,47.1873,,True,True,False,False,DINOv2-base; Depth Anything V2 ViT-L; LCM LoRA,1,False,Frozen optional StyleGallery Track A route; official demo_accelerate defaults; seed policy 42/123/777.
A_native_quality,stylegallery,extv1_mountain_lake_klimt,42,success,external_benchmark/outputs/stylegallery/track_A/extv1_mountain_lake_klimt/seed_42/result_lcm.png,SD1.5 official accelerated LCM route,external_benchmark/vendor/stylegallery/pretrained_models/runwayml_stable-diffusion-v1-5+facebook/dinov2-base+dpv2/ckpts/depth_anything_v2_vitl.pth+lcm-lora-sd1.5,95f1b125158d9c5ef4f6ba5e9f17bcb11820d6dc,512,a mountain lake landscape with preserved horizon,,28,,LCMScheduler,,semantic regional matching + Depth Anything V2,0,44.814,44.814,,True,True,False,False,DINOv2-base; Depth Anything V2 ViT-L; LCM LoRA,1,False,Frozen optional StyleGallery Track A route; official demo_accelerate defaults; seed policy 42/123/777.
A_native_quality,stylegallery,extv1_mountain_lake_klimt,123,success,external_benchmark/outputs/stylegallery/track_A/extv1_mountain_lake_klimt/seed_123/result_lcm.png,SD1.5 official accelerated LCM route,external_benchmark/vendor/stylegallery/pretrained_models/runwayml_stable-diffusion-v1-5+facebook/dinov2-base+dpv2/ckpts/depth_anything_v2_vitl.pth+lcm-lora-sd1.5,95f1b125158d9c5ef4f6ba5e9f17bcb11820d6dc,512,a mountain lake landscape with preserved horizon,,28,,LCMScheduler,,semantic regional matching + Depth Anything V2,0,45.6441,45.6441,,True,True,False,False,DINOv2-base; Depth Anything V2 ViT-L; LCM LoRA,1,False,Frozen optional StyleGallery Track A route; official demo_accelerate defaults; seed policy 42/123/777.
A_native_quality,stylegallery,extv1_mountain_lake_klimt,777,success,external_benchmark/outputs/stylegallery/track_A/extv1_mountain_lake_klimt/seed_777/result_lcm.png,SD1.5 official accelerated LCM route,external_benchmark/vendor/stylegallery/pretrained_models/runwayml_stable-diffusion-v1-5+facebook/dinov2-base+dpv2/ckpts/depth_anything_v2_vitl.pth+lcm-lora-sd1.5,95f1b125158d9c5ef4f6ba5e9f17bcb11820d6dc,512,a mountain lake landscape with preserved horizon,,28,,LCMScheduler,,semantic regional matching + Depth Anything V2,0,47.5299,47.5299,,True,True,False,False,DINOv2-base; Depth Anything V2 ViT-L; LCM LoRA,1,False,Frozen optional StyleGallery Track A route; official demo_accelerate defaults; seed policy 42/123/777.
A_native_quality,stylegallery,extv1_night_valley_monet,42,success,external_benchmark/outputs/stylegallery/track_A/extv1_night_valley_monet/seed_42/result_lcm.png,SD1.5 official accelerated LCM route,external_benchmark/vendor/stylegallery/pretrained_models/runwayml_stable-diffusion-v1-5+facebook/dinov2-base+dpv2/ckpts/depth_anything_v2_vitl.pth+lcm-lora-sd1.5,95f1b125158d9c5ef4f6ba5e9f17bcb11820d6dc,512,a night sky and town in a valley with preserved skyline,,28,,LCMScheduler,,semantic regional matching + Depth Anything V2,0,47.3447,47.3447,,True,True,False,False,DINOv2-base; Depth Anything V2 ViT-L; LCM LoRA,1,False,Frozen optional StyleGallery Track A route; official demo_accelerate defaults; seed policy 42/123/777.
A_native_quality,stylegallery,extv1_night_valley_monet,123,success,external_benchmark/outputs/stylegallery/track_A/extv1_night_valley_monet/seed_123/result_lcm.png,SD1.5 official accelerated LCM route,external_benchmark/vendor/stylegallery/pretrained_models/runwayml_stable-diffusion-v1-5+facebook/dinov2-base+dpv2/ckpts/depth_anything_v2_vitl.pth+lcm-lora-sd1.5,95f1b125158d9c5ef4f6ba5e9f17bcb11820d6dc,512,a night sky and town in a valley with preserved skyline,,28,,LCMScheduler,,semantic regional matching + Depth Anything V2,0,32.0573,32.0573,,True,True,False,False,DINOv2-base; Depth Anything V2 ViT-L; LCM LoRA,1,False,Frozen optional StyleGallery Track A route; official demo_accelerate defaults; seed policy 42/123/777.
A_native_quality,stylegallery,extv1_night_valley_monet,777,success,external_benchmark/outputs/stylegallery/track_A/extv1_night_valley_monet/seed_777/result_lcm.png,SD1.5 official accelerated LCM route,external_benchmark/vendor/stylegallery/pretrained_models/runwayml_stable-diffusion-v1-5+facebook/dinov2-base+dpv2/ckpts/depth_anything_v2_vitl.pth+lcm-lora-sd1.5,95f1b125158d9c5ef4f6ba5e9f17bcb11820d6dc,512,a night sky and town in a valley with preserved skyline,,28,,LCMScheduler,,semantic regional matching + Depth Anything V2,0,31.8105,31.8105,,True,True,False,False,DINOv2-base; Depth Anything V2 ViT-L; LCM LoRA,1,False,Frozen optional StyleGallery Track A route; official demo_accelerate defaults; seed policy 42/123/777.
A_native_quality,stylegallery,extv1_night_valley_vangogh,42,success,external_benchmark/outputs/stylegallery/track_A/extv1_night_valley_vangogh/seed_42/result_lcm.png,SD1.5 official accelerated LCM route,external_benchmark/vendor/stylegallery/pretrained_models/runwayml_stable-diffusion-v1-5+facebook/dinov2-base+dpv2/ckpts/depth_anything_v2_vitl.pth+lcm-lora-sd1.5,95f1b125158d9c5ef4f6ba5e9f17bcb11820d6dc,512,a night sky and town in a valley with preserved skyline,,28,,LCMScheduler,,semantic regional matching + Depth Anything V2,0,31.0546,31.0546,,True,True,False,False,DINOv2-base; Depth Anything V2 ViT-L; LCM LoRA,1,False,Frozen optional StyleGallery Track A route; official demo_accelerate defaults; seed policy 42/123/777.
A_native_quality,stylegallery,extv1_night_valley_vangogh,123,success,external_benchmark/outputs/stylegallery/track_A/extv1_night_valley_vangogh/seed_123/result_lcm.png,SD1.5 official accelerated LCM route,external_benchmark/vendor/stylegallery/pretrained_models/runwayml_stable-diffusion-v1-5+facebook/dinov2-base+dpv2/ckpts/depth_anything_v2_vitl.pth+lcm-lora-sd1.5,95f1b125158d9c5ef4f6ba5e9f17bcb11820d6dc,512,a night sky and town in a valley with preserved skyline,,28,,LCMScheduler,,semantic regional matching + Depth Anything V2,0,31.4942,31.4942,,True,True,False,False,DINOv2-base; Depth Anything V2 ViT-L; LCM LoRA,1,False,Frozen optional StyleGallery Track A route; official demo_accelerate defaults; seed policy 42/123/777.
A_native_quality,stylegallery,extv1_night_valley_vangogh,777,success,external_benchmark/outputs/stylegallery/track_A/extv1_night_valley_vangogh/seed_777/result_lcm.png,SD1.5 official accelerated LCM route,external_benchmark/vendor/stylegallery/pretrained_models/runwayml_stable-diffusion-v1-5+facebook/dinov2-base+dpv2/ckpts/depth_anything_v2_vitl.pth+lcm-lora-sd1.5,95f1b125158d9c5ef4f6ba5e9f17bcb11820d6dc,512,a night sky and town in a valley with preserved skyline,,28,,LCMScheduler,,semantic regional matching + Depth Anything V2,0,31.4456,31.4456,,True,True,False,False,DINOv2-base; Depth Anything V2 ViT-L; LCM LoRA,1,False,Frozen optional StyleGallery Track A route; official demo_accelerate defaults; seed policy 42/123/777.
A_native_quality,stylegallery,extv1_night_valley_hokusai,42,success,external_benchmark/outputs/stylegallery/track_A/extv1_night_valley_hokusai/seed_42/result_lcm.png,SD1.5 official accelerated LCM route,external_benchmark/vendor/stylegallery/pretrained_models/runwayml_stable-diffusion-v1-5+facebook/dinov2-base+dpv2/ckpts/depth_anything_v2_vitl.pth+lcm-lora-sd1.5,95f1b125158d9c5ef4f6ba5e9f17bcb11820d6dc,512,a night sky and town in a valley with preserved skyline,,28,,LCMScheduler,,semantic regional matching + Depth Anything V2,0,32.6102,32.6102,,True,True,False,False,DINOv2-base; Depth Anything V2 ViT-L; LCM LoRA,1,False,Frozen optional StyleGallery Track A route; official demo_accelerate defaults; seed policy 42/123/777.
A_native_quality,stylegallery,extv1_night_valley_hokusai,123,success,external_benchmark/outputs/stylegallery/track_A/extv1_night_valley_hokusai/seed_123/result_lcm.png,SD1.5 official accelerated LCM route,external_benchmark/vendor/stylegallery/pretrained_models/runwayml_stable-diffusion-v1-5+facebook/dinov2-base+dpv2/ckpts/depth_anything_v2_vitl.pth+lcm-lora-sd1.5,95f1b125158d9c5ef4f6ba5e9f17bcb11820d6dc,512,a night sky and town in a valley with preserved skyline,,28,,LCMScheduler,,semantic regional matching + Depth Anything V2,0,34.7775,34.7775,,True,True,False,False,DINOv2-base; Depth Anything V2 ViT-L; LCM LoRA,1,False,Frozen optional StyleGallery Track A route; official demo_accelerate defaults; seed policy 42/123/777.
A_native_quality,stylegallery,extv1_night_valley_hokusai,777,success,external_benchmark/outputs/stylegallery/track_A/extv1_night_valley_hokusai/seed_777/result_lcm.png,SD1.5 official accelerated LCM route,external_benchmark/vendor/stylegallery/pretrained_models/runwayml_stable-diffusion-v1-5+facebook/dinov2-base+dpv2/ckpts/depth_anything_v2_vitl.pth+lcm-lora-sd1.5,95f1b125158d9c5ef4f6ba5e9f17bcb11820d6dc,512,a night sky and town in a valley with preserved skyline,,28,,LCMScheduler,,semantic regional matching + Depth Anything V2,0,32.5091,32.5091,,True,True,False,False,DINOv2-base; Depth Anything V2 ViT-L; LCM LoRA,1,False,Frozen optional StyleGallery Track A route; official demo_accelerate defaults; seed policy 42/123/777.
A_native_quality,stylegallery,extv1_night_valley_klimt,42,success,external_benchmark/outputs/stylegallery/track_A/extv1_night_valley_klimt/seed_42/result_lcm.png,SD1.5 official accelerated LCM route,external_benchmark/vendor/stylegallery/pretrained_models/runwayml_stable-diffusion-v1-5+facebook/dinov2-base+dpv2/ckpts/depth_anything_v2_vitl.pth+lcm-lora-sd1.5,95f1b125158d9c5ef4f6ba5e9f17bcb11820d6dc,512,a night sky and town in a valley with preserved skyline,,28,,LCMScheduler,,semantic regional matching + Depth Anything V2,0,32.8941,32.8941,,True,True,False,False,DINOv2-base; Depth Anything V2 ViT-L; LCM LoRA,1,False,Frozen optional StyleGallery Track A route; official demo_accelerate defaults; seed policy 42/123/777.
A_native_quality,stylegallery,extv1_night_valley_klimt,123,success,external_benchmark/outputs/stylegallery/track_A/extv1_night_valley_klimt/seed_123/result_lcm.png,SD1.5 official accelerated LCM route,external_benchmark/vendor/stylegallery/pretrained_models/runwayml_stable-diffusion-v1-5+facebook/dinov2-base+dpv2/ckpts/depth_anything_v2_vitl.pth+lcm-lora-sd1.5,95f1b125158d9c5ef4f6ba5e9f17bcb11820d6dc,512,a night sky and town in a valley with preserved skyline,,28,,LCMScheduler,,semantic regional matching + Depth Anything V2,0,34.6248,34.6248,,True,True,False,False,DINOv2-base; Depth Anything V2 ViT-L; LCM LoRA,1,False,Frozen optional StyleGallery Track A route; official demo_accelerate defaults; seed policy 42/123/777.
A_native_quality,stylegallery,extv1_night_valley_klimt,777,success,external_benchmark/outputs/stylegallery/track_A/extv1_night_valley_klimt/seed_777/result_lcm.png,SD1.5 official accelerated LCM route,external_benchmark/vendor/stylegallery/pretrained_models/runwayml_stable-diffusion-v1-5+facebook/dinov2-base+dpv2/ckpts/depth_anything_v2_vitl.pth+lcm-lora-sd1.5,95f1b125158d9c5ef4f6ba5e9f17bcb11820d6dc,512,a night sky and town in a valley with preserved skyline,,28,,LCMScheduler,,semantic regional matching + Depth Anything V2,0,32.9123,32.9123,,True,True,False,False,DINOv2-base; Depth Anything V2 ViT-L; LCM LoRA,1,False,Frozen optional StyleGallery Track A route; official demo_accelerate defaults; seed policy 42/123/777.
